name,type,direction,description
feat_0000,float,,Encoding feat index 0 of the embedding
feat_0001,float,,Encoding feat index 1 of the embedding
feat_0002,float,,Encoding feat index 2 of the embedding
feat_0003,float,,Encoding feat index 3 of the embedding
feat_0004,float,,Encoding feat index 4 of the embedding
feat_0005,float,,Encoding feat index 5 of the embedding
feat_0006,float,,Encoding feat index 6 of the embedding
feat_0007,float,,Encoding feat index 7 of the embedding
feat_0008,float,,Encoding feat index 8 of the embedding
feat_0009,float,,Encoding feat index 9 of the embedding
feat_0010,float,,Encoding feat index 10 of the embedding
feat_0011,float,,Encoding feat index 11 of the embedding
feat_0012,float,,Encoding feat index 12 of the embedding
feat_0013,float,,Encoding feat index 13 of the embedding
feat_0014,float,,Encoding feat index 14 of the embedding
feat_0015,float,,Encoding feat index 15 of the embedding
feat_0016,float,,Encoding feat index 16 of the embedding
feat_0017,float,,Encoding feat index 17 of the embedding
feat_0018,float,,Encoding feat index 18 of the embedding
feat_0019,float,,Encoding feat index 19 of the embedding
feat_0020,float,,Encoding feat index 20 of the embedding
feat_0021,float,,Encoding feat index 21 of the embedding
feat_0022,float,,Encoding feat index 22 of the embedding
feat_0023,float,,Encoding feat index 23 of the embedding
feat_0024,float,,Encoding feat index 24 of the embedding
feat_0025,float,,Encoding feat index 25 of the embedding
feat_0026,float,,Encoding feat index 26 of the embedding
feat_0027,float,,Encoding feat index 27 of the embedding
feat_0028,float,,Encoding feat index 28 of the embedding
feat_0029,float,,Encoding feat index 29 of the embedding
feat_0030,float,,Encoding feat index 30 of the embedding
feat_0031,float,,Encoding feat index 31 of the embedding
feat_0032,float,,Encoding feat index 32 of the embedding
feat_0033,float,,Encoding feat index 33 of the embedding
feat_0034,float,,Encoding feat index 34 of the embedding
feat_0035,float,,Encoding feat index 35 of the embedding
feat_0036,float,,Encoding feat index 36 of the embedding
feat_0037,float,,Encoding feat index 37 of the embedding
feat_0038,float,,Encoding feat index 38 of the embedding
feat_0039,float,,Encoding feat index 39 of the embedding
feat_0040,float,,Encoding feat index 40 of the embedding
feat_0041,float,,Encoding feat index 41 of the embedding
feat_0042,float,,Encoding feat index 42 of the embedding
feat_0043,float,,Encoding feat index 43 of the embedding
feat_0044,float,,Encoding feat index 44 of the embedding
feat_0045,float,,Encoding feat index 45 of the embedding
feat_0046,float,,Encoding feat index 46 of the embedding
feat_0047,float,,Encoding feat index 47 of the embedding
feat_0048,float,,Encoding feat index 48 of the embedding
feat_0049,float,,Encoding feat index 49 of the embedding
feat_0050,float,,Encoding feat index 50 of the embedding
feat_0051,float,,Encoding feat index 51 of the embedding
feat_0052,float,,Encoding feat index 52 of the embedding
feat_0053,float,,Encoding feat index 53 of the embedding
feat_0054,float,,Encoding feat index 54 of the embedding
feat_0055,float,,Encoding feat index 55 of the embedding
feat_0056,float,,Encoding feat index 56 of the embedding
feat_0057,float,,Encoding feat index 57 of the embedding
feat_0058,float,,Encoding feat index 58 of the embedding
feat_0059,float,,Encoding feat index 59 of the embedding
feat_0060,float,,Encoding feat index 60 of the embedding
feat_0061,float,,Encoding feat index 61 of the embedding
feat_0062,float,,Encoding feat index 62 of the embedding
feat_0063,float,,Encoding feat index 63 of the embedding
feat_0064,float,,Encoding feat index 64 of the embedding
feat_0065,float,,Encoding feat index 65 of the embedding
feat_0066,float,,Encoding feat index 66 of the embedding
feat_0067,float,,Encoding feat index 67 of the embedding
feat_0068,float,,Encoding feat index 68 of the embedding
feat_0069,float,,Encoding feat index 69 of the embedding
feat_0070,float,,Encoding feat index 70 of the embedding
feat_0071,float,,Encoding feat index 71 of the embedding
feat_0072,float,,Encoding feat index 72 of the embedding
feat_0073,float,,Encoding feat index 73 of the embedding
feat_0074,float,,Encoding feat index 74 of the embedding
feat_0075,float,,Encoding feat index 75 of the embedding
feat_0076,float,,Encoding feat index 76 of the embedding
feat_0077,float,,Encoding feat index 77 of the embedding
feat_0078,float,,Encoding feat index 78 of the embedding
feat_0079,float,,Encoding feat index 79 of the embedding
feat_0080,float,,Encoding feat index 80 of the embedding
feat_0081,float,,Encoding feat index 81 of the embedding
feat_0082,float,,Encoding feat index 82 of the embedding
feat_0083,float,,Encoding feat index 83 of the embedding
feat_0084,float,,Encoding feat index 84 of the embedding
feat_0085,float,,Encoding feat index 85 of the embedding
feat_0086,float,,Encoding feat index 86 of the embedding
feat_0087,float,,Encoding feat index 87 of the embedding
feat_0088,float,,Encoding feat index 88 of the embedding
feat_0089,float,,Encoding feat index 89 of the embedding
feat_0090,float,,Encoding feat index 90 of the embedding
feat_0091,float,,Encoding feat index 91 of the embedding
feat_0092,float,,Encoding feat index 92 of the embedding
feat_0093,float,,Encoding feat index 93 of the embedding
feat_0094,float,,Encoding feat index 94 of the embedding
feat_0095,float,,Encoding feat index 95 of the embedding
feat_0096,float,,Encoding feat index 96 of the embedding
feat_0097,float,,Encoding feat index 97 of the embedding
feat_0098,float,,Encoding feat index 98 of the embedding
feat_0099,float,,Encoding feat index 99 of the embedding
feat_0100,float,,Encoding feat index 100 of the embedding
feat_0101,float,,Encoding feat index 101 of the embedding
feat_0102,float,,Encoding feat index 102 of the embedding
feat_0103,float,,Encoding feat index 103 of the embedding
feat_0104,float,,Encoding feat index 104 of the embedding
feat_0105,float,,Encoding feat index 105 of the embedding
feat_0106,float,,Encoding feat index 106 of the embedding
feat_0107,float,,Encoding feat index 107 of the embedding
feat_0108,float,,Encoding feat index 108 of the embedding
feat_0109,float,,Encoding feat index 109 of the embedding
feat_0110,float,,Encoding feat index 110 of the embedding
feat_0111,float,,Encoding feat index 111 of the embedding
feat_0112,float,,Encoding feat index 112 of the embedding
feat_0113,float,,Encoding feat index 113 of the embedding
feat_0114,float,,Encoding feat index 114 of the embedding
feat_0115,float,,Encoding feat index 115 of the embedding
feat_0116,float,,Encoding feat index 116 of the embedding
feat_0117,float,,Encoding feat index 117 of the embedding
feat_0118,float,,Encoding feat index 118 of the embedding
feat_0119,float,,Encoding feat index 119 of the embedding
feat_0120,float,,Encoding feat index 120 of the embedding
feat_0121,float,,Encoding feat index 121 of the embedding
feat_0122,float,,Encoding feat index 122 of the embedding
feat_0123,float,,Encoding feat index 123 of the embedding
feat_0124,float,,Encoding feat index 124 of the embedding
feat_0125,float,,Encoding feat index 125 of the embedding
feat_0126,float,,Encoding feat index 126 of the embedding
feat_0127,float,,Encoding feat index 127 of the embedding
feat_0128,float,,Encoding feat index 128 of the embedding
feat_0129,float,,Encoding feat index 129 of the embedding
feat_0130,float,,Encoding feat index 130 of the embedding
feat_0131,float,,Encoding feat index 131 of the embedding
feat_0132,float,,Encoding feat index 132 of the embedding
feat_0133,float,,Encoding feat index 133 of the embedding
feat_0134,float,,Encoding feat index 134 of the embedding
feat_0135,float,,Encoding feat index 135 of the embedding
feat_0136,float,,Encoding feat index 136 of the embedding
feat_0137,float,,Encoding feat index 137 of the embedding
feat_0138,float,,Encoding feat index 138 of the embedding
feat_0139,float,,Encoding feat index 139 of the embedding
feat_0140,float,,Encoding feat index 140 of the embedding
feat_0141,float,,Encoding feat index 141 of the embedding
feat_0142,float,,Encoding feat index 142 of the embedding
feat_0143,float,,Encoding feat index 143 of the embedding
feat_0144,float,,Encoding feat index 144 of the embedding
feat_0145,float,,Encoding feat index 145 of the embedding
feat_0146,float,,Encoding feat index 146 of the embedding
feat_0147,float,,Encoding feat index 147 of the embedding
feat_0148,float,,Encoding feat index 148 of the embedding
feat_0149,float,,Encoding feat index 149 of the embedding
feat_0150,float,,Encoding feat index 150 of the embedding
feat_0151,float,,Encoding feat index 151 of the embedding
feat_0152,float,,Encoding feat index 152 of the embedding
feat_0153,float,,Encoding feat index 153 of the embedding
feat_0154,float,,Encoding feat index 154 of the embedding
feat_0155,float,,Encoding feat index 155 of the embedding
feat_0156,float,,Encoding feat index 156 of the embedding
feat_0157,float,,Encoding feat index 157 of the embedding
feat_0158,float,,Encoding feat index 158 of the embedding
feat_0159,float,,Encoding feat index 159 of the embedding
feat_0160,float,,Encoding feat index 160 of the embedding
feat_0161,float,,Encoding feat index 161 of the embedding
feat_0162,float,,Encoding feat index 162 of the embedding
feat_0163,float,,Encoding feat index 163 of the embedding
feat_0164,float,,Encoding feat index 164 of the embedding
feat_0165,float,,Encoding feat index 165 of the embedding
feat_0166,float,,Encoding feat index 166 of the embedding
feat_0167,float,,Encoding feat index 167 of the embedding
feat_0168,float,,Encoding feat index 168 of the embedding
feat_0169,float,,Encoding feat index 169 of the embedding
feat_0170,float,,Encoding feat index 170 of the embedding
feat_0171,float,,Encoding feat index 171 of the embedding
feat_0172,float,,Encoding feat index 172 of the embedding
feat_0173,float,,Encoding feat index 173 of the embedding
feat_0174,float,,Encoding feat index 174 of the embedding
feat_0175,float,,Encoding feat index 175 of the embedding
feat_0176,float,,Encoding feat index 176 of the embedding
feat_0177,float,,Encoding feat index 177 of the embedding
feat_0178,float,,Encoding feat index 178 of the embedding
feat_0179,float,,Encoding feat index 179 of the embedding
feat_0180,float,,Encoding feat index 180 of the embedding
feat_0181,float,,Encoding feat index 181 of the embedding
feat_0182,float,,Encoding feat index 182 of the embedding
feat_0183,float,,Encoding feat index 183 of the embedding
feat_0184,float,,Encoding feat index 184 of the embedding
feat_0185,float,,Encoding feat index 185 of the embedding
feat_0186,float,,Encoding feat index 186 of the embedding
feat_0187,float,,Encoding feat index 187 of the embedding
feat_0188,float,,Encoding feat index 188 of the embedding
feat_0189,float,,Encoding feat index 189 of the embedding
feat_0190,float,,Encoding feat index 190 of the embedding
feat_0191,float,,Encoding feat index 191 of the embedding
feat_0192,float,,Encoding feat index 192 of the embedding
feat_0193,float,,Encoding feat index 193 of the embedding
feat_0194,float,,Encoding feat index 194 of the embedding
feat_0195,float,,Encoding feat index 195 of the embedding
feat_0196,float,,Encoding feat index 196 of the embedding
feat_0197,float,,Encoding feat index 197 of the embedding
feat_0198,float,,Encoding feat index 198 of the embedding
feat_0199,float,,Encoding feat index 199 of the embedding
feat_0200,float,,Encoding feat index 200 of the embedding
feat_0201,float,,Encoding feat index 201 of the embedding
feat_0202,float,,Encoding feat index 202 of the embedding
feat_0203,float,,Encoding feat index 203 of the embedding
feat_0204,float,,Encoding feat index 204 of the embedding
feat_0205,float,,Encoding feat index 205 of the embedding
feat_0206,float,,Encoding feat index 206 of the embedding
feat_0207,float,,Encoding feat index 207 of the embedding
feat_0208,float,,Encoding feat index 208 of the embedding
feat_0209,float,,Encoding feat index 209 of the embedding
feat_0210,float,,Encoding feat index 210 of the embedding
feat_0211,float,,Encoding feat index 211 of the embedding
feat_0212,float,,Encoding feat index 212 of the embedding
feat_0213,float,,Encoding feat index 213 of the embedding
feat_0214,float,,Encoding feat index 214 of the embedding
feat_0215,float,,Encoding feat index 215 of the embedding
feat_0216,float,,Encoding feat index 216 of the embedding
feat_0217,float,,Encoding feat index 217 of the embedding
feat_0218,float,,Encoding feat index 218 of the embedding
feat_0219,float,,Encoding feat index 219 of the embedding
feat_0220,float,,Encoding feat index 220 of the embedding
feat_0221,float,,Encoding feat index 221 of the embedding
feat_0222,float,,Encoding feat index 222 of the embedding
feat_0223,float,,Encoding feat index 223 of the embedding
feat_0224,float,,Encoding feat index 224 of the embedding
feat_0225,float,,Encoding feat index 225 of the embedding
feat_0226,float,,Encoding feat index 226 of the embedding
feat_0227,float,,Encoding feat index 227 of the embedding
feat_0228,float,,Encoding feat index 228 of the embedding
feat_0229,float,,Encoding feat index 229 of the embedding
feat_0230,float,,Encoding feat index 230 of the embedding
feat_0231,float,,Encoding feat index 231 of the embedding
feat_0232,float,,Encoding feat index 232 of the embedding
feat_0233,float,,Encoding feat index 233 of the embedding
feat_0234,float,,Encoding feat index 234 of the embedding
feat_0235,float,,Encoding feat index 235 of the embedding
feat_0236,float,,Encoding feat index 236 of the embedding
feat_0237,float,,Encoding feat index 237 of the embedding
feat_0238,float,,Encoding feat index 238 of the embedding
feat_0239,float,,Encoding feat index 239 of the embedding
feat_0240,float,,Encoding feat index 240 of the embedding
feat_0241,float,,Encoding feat index 241 of the embedding
feat_0242,float,,Encoding feat index 242 of the embedding
feat_0243,float,,Encoding feat index 243 of the embedding
feat_0244,float,,Encoding feat index 244 of the embedding
feat_0245,float,,Encoding feat index 245 of the embedding
feat_0246,float,,Encoding feat index 246 of the embedding
feat_0247,float,,Encoding feat index 247 of the embedding
feat_0248,float,,Encoding feat index 248 of the embedding
feat_0249,float,,Encoding feat index 249 of the embedding
feat_0250,float,,Encoding feat index 250 of the embedding
feat_0251,float,,Encoding feat index 251 of the embedding
feat_0252,float,,Encoding feat index 252 of the embedding
feat_0253,float,,Encoding feat index 253 of the embedding
feat_0254,float,,Encoding feat index 254 of the embedding
feat_0255,float,,Encoding feat index 255 of the embedding
feat_0256,float,,Encoding feat index 256 of the embedding
feat_0257,float,,Encoding feat index 257 of the embedding
feat_0258,float,,Encoding feat index 258 of the embedding
feat_0259,float,,Encoding feat index 259 of the embedding
feat_0260,float,,Encoding feat index 260 of the embedding
feat_0261,float,,Encoding feat index 261 of the embedding
feat_0262,float,,Encoding feat index 262 of the embedding
feat_0263,float,,Encoding feat index 263 of the embedding
feat_0264,float,,Encoding feat index 264 of the embedding
feat_0265,float,,Encoding feat index 265 of the embedding
feat_0266,float,,Encoding feat index 266 of the embedding
feat_0267,float,,Encoding feat index 267 of the embedding
feat_0268,float,,Encoding feat index 268 of the embedding
feat_0269,float,,Encoding feat index 269 of the embedding
feat_0270,float,,Encoding feat index 270 of the embedding
feat_0271,float,,Encoding feat index 271 of the embedding
feat_0272,float,,Encoding feat index 272 of the embedding
feat_0273,float,,Encoding feat index 273 of the embedding
feat_0274,float,,Encoding feat index 274 of the embedding
feat_0275,float,,Encoding feat index 275 of the embedding
feat_0276,float,,Encoding feat index 276 of the embedding
feat_0277,float,,Encoding feat index 277 of the embedding
feat_0278,float,,Encoding feat index 278 of the embedding
feat_0279,float,,Encoding feat index 279 of the embedding
feat_0280,float,,Encoding feat index 280 of the embedding
feat_0281,float,,Encoding feat index 281 of the embedding
feat_0282,float,,Encoding feat index 282 of the embedding
feat_0283,float,,Encoding feat index 283 of the embedding
feat_0284,float,,Encoding feat index 284 of the embedding
feat_0285,float,,Encoding feat index 285 of the embedding
feat_0286,float,,Encoding feat index 286 of the embedding
feat_0287,float,,Encoding feat index 287 of the embedding
feat_0288,float,,Encoding feat index 288 of the embedding
feat_0289,float,,Encoding feat index 289 of the embedding
feat_0290,float,,Encoding feat index 290 of the embedding
feat_0291,float,,Encoding feat index 291 of the embedding
feat_0292,float,,Encoding feat index 292 of the embedding
feat_0293,float,,Encoding feat index 293 of the embedding
feat_0294,float,,Encoding feat index 294 of the embedding
feat_0295,float,,Encoding feat index 295 of the embedding
feat_0296,float,,Encoding feat index 296 of the embedding
feat_0297,float,,Encoding feat index 297 of the embedding
feat_0298,float,,Encoding feat index 298 of the embedding
feat_0299,float,,Encoding feat index 299 of the embedding
feat_0300,float,,Encoding feat index 300 of the embedding
feat_0301,float,,Encoding feat index 301 of the embedding
feat_0302,float,,Encoding feat index 302 of the embedding
feat_0303,float,,Encoding feat index 303 of the embedding
feat_0304,float,,Encoding feat index 304 of the embedding
feat_0305,float,,Encoding feat index 305 of the embedding
feat_0306,float,,Encoding feat index 306 of the embedding
feat_0307,float,,Encoding feat index 307 of the embedding
feat_0308,float,,Encoding feat index 308 of the embedding
feat_0309,float,,Encoding feat index 309 of the embedding
feat_0310,float,,Encoding feat index 310 of the embedding
feat_0311,float,,Encoding feat index 311 of the embedding
feat_0312,float,,Encoding feat index 312 of the embedding
feat_0313,float,,Encoding feat index 313 of the embedding
feat_0314,float,,Encoding feat index 314 of the embedding
feat_0315,float,,Encoding feat index 315 of the embedding
feat_0316,float,,Encoding feat index 316 of the embedding
feat_0317,float,,Encoding feat index 317 of the embedding
feat_0318,float,,Encoding feat index 318 of the embedding
feat_0319,float,,Encoding feat index 319 of the embedding
feat_0320,float,,Encoding feat index 320 of the embedding
feat_0321,float,,Encoding feat index 321 of the embedding
feat_0322,float,,Encoding feat index 322 of the embedding
feat_0323,float,,Encoding feat index 323 of the embedding
feat_0324,float,,Encoding feat index 324 of the embedding
feat_0325,float,,Encoding feat index 325 of the embedding
feat_0326,float,,Encoding feat index 326 of the embedding
feat_0327,float,,Encoding feat index 327 of the embedding
feat_0328,float,,Encoding feat index 328 of the embedding
feat_0329,float,,Encoding feat index 329 of the embedding
feat_0330,float,,Encoding feat index 330 of the embedding
feat_0331,float,,Encoding feat index 331 of the embedding
feat_0332,float,,Encoding feat index 332 of the embedding
feat_0333,float,,Encoding feat index 333 of the embedding
feat_0334,float,,Encoding feat index 334 of the embedding
feat_0335,float,,Encoding feat index 335 of the embedding
feat_0336,float,,Encoding feat index 336 of the embedding
feat_0337,float,,Encoding feat index 337 of the embedding
feat_0338,float,,Encoding feat index 338 of the embedding
feat_0339,float,,Encoding feat index 339 of the embedding
feat_0340,float,,Encoding feat index 340 of the embedding
feat_0341,float,,Encoding feat index 341 of the embedding
feat_0342,float,,Encoding feat index 342 of the embedding
feat_0343,float,,Encoding feat index 343 of the embedding
feat_0344,float,,Encoding feat index 344 of the embedding
feat_0345,float,,Encoding feat index 345 of the embedding
feat_0346,float,,Encoding feat index 346 of the embedding
feat_0347,float,,Encoding feat index 347 of the embedding
feat_0348,float,,Encoding feat index 348 of the embedding
feat_0349,float,,Encoding feat index 349 of the embedding
feat_0350,float,,Encoding feat index 350 of the embedding
feat_0351,float,,Encoding feat index 351 of the embedding
feat_0352,float,,Encoding feat index 352 of the embedding
feat_0353,float,,Encoding feat index 353 of the embedding
feat_0354,float,,Encoding feat index 354 of the embedding
feat_0355,float,,Encoding feat index 355 of the embedding
feat_0356,float,,Encoding feat index 356 of the embedding
feat_0357,float,,Encoding feat index 357 of the embedding
feat_0358,float,,Encoding feat index 358 of the embedding
feat_0359,float,,Encoding feat index 359 of the embedding
feat_0360,float,,Encoding feat index 360 of the embedding
feat_0361,float,,Encoding feat index 361 of the embedding
feat_0362,float,,Encoding feat index 362 of the embedding
feat_0363,float,,Encoding feat index 363 of the embedding
feat_0364,float,,Encoding feat index 364 of the embedding
feat_0365,float,,Encoding feat index 365 of the embedding
feat_0366,float,,Encoding feat index 366 of the embedding
feat_0367,float,,Encoding feat index 367 of the embedding
feat_0368,float,,Encoding feat index 368 of the embedding
feat_0369,float,,Encoding feat index 369 of the embedding
feat_0370,float,,Encoding feat index 370 of the embedding
feat_0371,float,,Encoding feat index 371 of the embedding
feat_0372,float,,Encoding feat index 372 of the embedding
feat_0373,float,,Encoding feat index 373 of the embedding
feat_0374,float,,Encoding feat index 374 of the embedding
feat_0375,float,,Encoding feat index 375 of the embedding
feat_0376,float,,Encoding feat index 376 of the embedding
feat_0377,float,,Encoding feat index 377 of the embedding
feat_0378,float,,Encoding feat index 378 of the embedding
feat_0379,float,,Encoding feat index 379 of the embedding
feat_0380,float,,Encoding feat index 380 of the embedding
feat_0381,float,,Encoding feat index 381 of the embedding
feat_0382,float,,Encoding feat index 382 of the embedding
feat_0383,float,,Encoding feat index 383 of the embedding
feat_0384,float,,Encoding feat index 384 of the embedding
feat_0385,float,,Encoding feat index 385 of the embedding
feat_0386,float,,Encoding feat index 386 of the embedding
feat_0387,float,,Encoding feat index 387 of the embedding
feat_0388,float,,Encoding feat index 388 of the embedding
feat_0389,float,,Encoding feat index 389 of the embedding
feat_0390,float,,Encoding feat index 390 of the embedding
feat_0391,float,,Encoding feat index 391 of the embedding
feat_0392,float,,Encoding feat index 392 of the embedding
feat_0393,float,,Encoding feat index 393 of the embedding
feat_0394,float,,Encoding feat index 394 of the embedding
feat_0395,float,,Encoding feat index 395 of the embedding
feat_0396,float,,Encoding feat index 396 of the embedding
feat_0397,float,,Encoding feat index 397 of the embedding
feat_0398,float,,Encoding feat index 398 of the embedding
feat_0399,float,,Encoding feat index 399 of the embedding
feat_0400,float,,Encoding feat index 400 of the embedding
feat_0401,float,,Encoding feat index 401 of the embedding
feat_0402,float,,Encoding feat index 402 of the embedding
feat_0403,float,,Encoding feat index 403 of the embedding
feat_0404,float,,Encoding feat index 404 of the embedding
feat_0405,float,,Encoding feat index 405 of the embedding
feat_0406,float,,Encoding feat index 406 of the embedding
feat_0407,float,,Encoding feat index 407 of the embedding
feat_0408,float,,Encoding feat index 408 of the embedding
feat_0409,float,,Encoding feat index 409 of the embedding
feat_0410,float,,Encoding feat index 410 of the embedding
feat_0411,float,,Encoding feat index 411 of the embedding
feat_0412,float,,Encoding feat index 412 of the embedding
feat_0413,float,,Encoding feat index 413 of the embedding
feat_0414,float,,Encoding feat index 414 of the embedding
feat_0415,float,,Encoding feat index 415 of the embedding
feat_0416,float,,Encoding feat index 416 of the embedding
feat_0417,float,,Encoding feat index 417 of the embedding
feat_0418,float,,Encoding feat index 418 of the embedding
feat_0419,float,,Encoding feat index 419 of the embedding
feat_0420,float,,Encoding feat index 420 of the embedding
feat_0421,float,,Encoding feat index 421 of the embedding
feat_0422,float,,Encoding feat index 422 of the embedding
feat_0423,float,,Encoding feat index 423 of the embedding
feat_0424,float,,Encoding feat index 424 of the embedding
feat_0425,float,,Encoding feat index 425 of the embedding
feat_0426,float,,Encoding feat index 426 of the embedding
feat_0427,float,,Encoding feat index 427 of the embedding
feat_0428,float,,Encoding feat index 428 of the embedding
feat_0429,float,,Encoding feat index 429 of the embedding
feat_0430,float,,Encoding feat index 430 of the embedding
feat_0431,float,,Encoding feat index 431 of the embedding
feat_0432,float,,Encoding feat index 432 of the embedding
feat_0433,float,,Encoding feat index 433 of the embedding
feat_0434,float,,Encoding feat index 434 of the embedding
feat_0435,float,,Encoding feat index 435 of the embedding
feat_0436,float,,Encoding feat index 436 of the embedding
feat_0437,float,,Encoding feat index 437 of the embedding
feat_0438,float,,Encoding feat index 438 of the embedding
feat_0439,float,,Encoding feat index 439 of the embedding
feat_0440,float,,Encoding feat index 440 of the embedding
feat_0441,float,,Encoding feat index 441 of the embedding
feat_0442,float,,Encoding feat index 442 of the embedding
feat_0443,float,,Encoding feat index 443 of the embedding
feat_0444,float,,Encoding feat index 444 of the embedding
feat_0445,float,,Encoding feat index 445 of the embedding
feat_0446,float,,Encoding feat index 446 of the embedding
feat_0447,float,,Encoding feat index 447 of the embedding
feat_0448,float,,Encoding feat index 448 of the embedding
feat_0449,float,,Encoding feat index 449 of the embedding
feat_0450,float,,Encoding feat index 450 of the embedding
feat_0451,float,,Encoding feat index 451 of the embedding
feat_0452,float,,Encoding feat index 452 of the embedding
feat_0453,float,,Encoding feat index 453 of the embedding
feat_0454,float,,Encoding feat index 454 of the embedding
feat_0455,float,,Encoding feat index 455 of the embedding
feat_0456,float,,Encoding feat index 456 of the embedding
feat_0457,float,,Encoding feat index 457 of the embedding
feat_0458,float,,Encoding feat index 458 of the embedding
feat_0459,float,,Encoding feat index 459 of the embedding
feat_0460,float,,Encoding feat index 460 of the embedding
feat_0461,float,,Encoding feat index 461 of the embedding
feat_0462,float,,Encoding feat index 462 of the embedding
feat_0463,float,,Encoding feat index 463 of the embedding
feat_0464,float,,Encoding feat index 464 of the embedding
feat_0465,float,,Encoding feat index 465 of the embedding
feat_0466,float,,Encoding feat index 466 of the embedding
feat_0467,float,,Encoding feat index 467 of the embedding
feat_0468,float,,Encoding feat index 468 of the embedding
feat_0469,float,,Encoding feat index 469 of the embedding
feat_0470,float,,Encoding feat index 470 of the embedding
feat_0471,float,,Encoding feat index 471 of the embedding
feat_0472,float,,Encoding feat index 472 of the embedding
feat_0473,float,,Encoding feat index 473 of the embedding
feat_0474,float,,Encoding feat index 474 of the embedding
feat_0475,float,,Encoding feat index 475 of the embedding
feat_0476,float,,Encoding feat index 476 of the embedding
feat_0477,float,,Encoding feat index 477 of the embedding
feat_0478,float,,Encoding feat index 478 of the embedding
feat_0479,float,,Encoding feat index 479 of the embedding
feat_0480,float,,Encoding feat index 480 of the embedding
feat_0481,float,,Encoding feat index 481 of the embedding
feat_0482,float,,Encoding feat index 482 of the embedding
feat_0483,float,,Encoding feat index 483 of the embedding
feat_0484,float,,Encoding feat index 484 of the embedding
feat_0485,float,,Encoding feat index 485 of the embedding
feat_0486,float,,Encoding feat index 486 of the embedding
feat_0487,float,,Encoding feat index 487 of the embedding
feat_0488,float,,Encoding feat index 488 of the embedding
feat_0489,float,,Encoding feat index 489 of the embedding
feat_0490,float,,Encoding feat index 490 of the embedding
feat_0491,float,,Encoding feat index 491 of the embedding
feat_0492,float,,Encoding feat index 492 of the embedding
feat_0493,float,,Encoding feat index 493 of the embedding
feat_0494,float,,Encoding feat index 494 of the embedding
feat_0495,float,,Encoding feat index 495 of the embedding
feat_0496,float,,Encoding feat index 496 of the embedding
feat_0497,float,,Encoding feat index 497 of the embedding
feat_0498,float,,Encoding feat index 498 of the embedding
feat_0499,float,,Encoding feat index 499 of the embedding
feat_0500,float,,Encoding feat index 500 of the embedding
feat_0501,float,,Encoding feat index 501 of the embedding
feat_0502,float,,Encoding feat index 502 of the embedding
feat_0503,float,,Encoding feat index 503 of the embedding
feat_0504,float,,Encoding feat index 504 of the embedding
feat_0505,float,,Encoding feat index 505 of the embedding
feat_0506,float,,Encoding feat index 506 of the embedding
feat_0507,float,,Encoding feat index 507 of the embedding
feat_0508,float,,Encoding feat index 508 of the embedding
feat_0509,float,,Encoding feat index 509 of the embedding
feat_0510,float,,Encoding feat index 510 of the embedding
feat_0511,float,,Encoding feat index 511 of the embedding
feat_0512,float,,Encoding feat index 512 of the embedding
feat_0513,float,,Encoding feat index 513 of the embedding
feat_0514,float,,Encoding feat index 514 of the embedding
feat_0515,float,,Encoding feat index 515 of the embedding
feat_0516,float,,Encoding feat index 516 of the embedding
feat_0517,float,,Encoding feat index 517 of the embedding
feat_0518,float,,Encoding feat index 518 of the embedding
feat_0519,float,,Encoding feat index 519 of the embedding
feat_0520,float,,Encoding feat index 520 of the embedding
feat_0521,float,,Encoding feat index 521 of the embedding
feat_0522,float,,Encoding feat index 522 of the embedding
feat_0523,float,,Encoding feat index 523 of the embedding
feat_0524,float,,Encoding feat index 524 of the embedding
feat_0525,float,,Encoding feat index 525 of the embedding
feat_0526,float,,Encoding feat index 526 of the embedding
feat_0527,float,,Encoding feat index 527 of the embedding
feat_0528,float,,Encoding feat index 528 of the embedding
feat_0529,float,,Encoding feat index 529 of the embedding
feat_0530,float,,Encoding feat index 530 of the embedding
feat_0531,float,,Encoding feat index 531 of the embedding
feat_0532,float,,Encoding feat index 532 of the embedding
feat_0533,float,,Encoding feat index 533 of the embedding
feat_0534,float,,Encoding feat index 534 of the embedding
feat_0535,float,,Encoding feat index 535 of the embedding
feat_0536,float,,Encoding feat index 536 of the embedding
feat_0537,float,,Encoding feat index 537 of the embedding
feat_0538,float,,Encoding feat index 538 of the embedding
feat_0539,float,,Encoding feat index 539 of the embedding
feat_0540,float,,Encoding feat index 540 of the embedding
feat_0541,float,,Encoding feat index 541 of the embedding
feat_0542,float,,Encoding feat index 542 of the embedding
feat_0543,float,,Encoding feat index 543 of the embedding
feat_0544,float,,Encoding feat index 544 of the embedding
feat_0545,float,,Encoding feat index 545 of the embedding
feat_0546,float,,Encoding feat index 546 of the embedding
feat_0547,float,,Encoding feat index 547 of the embedding
feat_0548,float,,Encoding feat index 548 of the embedding
feat_0549,float,,Encoding feat index 549 of the embedding
feat_0550,float,,Encoding feat index 550 of the embedding
feat_0551,float,,Encoding feat index 551 of the embedding
feat_0552,float,,Encoding feat index 552 of the embedding
feat_0553,float,,Encoding feat index 553 of the embedding
feat_0554,float,,Encoding feat index 554 of the embedding
feat_0555,float,,Encoding feat index 555 of the embedding
feat_0556,float,,Encoding feat index 556 of the embedding
feat_0557,float,,Encoding feat index 557 of the embedding
feat_0558,float,,Encoding feat index 558 of the embedding
feat_0559,float,,Encoding feat index 559 of the embedding
feat_0560,float,,Encoding feat index 560 of the embedding
feat_0561,float,,Encoding feat index 561 of the embedding
feat_0562,float,,Encoding feat index 562 of the embedding
feat_0563,float,,Encoding feat index 563 of the embedding
feat_0564,float,,Encoding feat index 564 of the embedding
feat_0565,float,,Encoding feat index 565 of the embedding
feat_0566,float,,Encoding feat index 566 of the embedding
feat_0567,float,,Encoding feat index 567 of the embedding
feat_0568,float,,Encoding feat index 568 of the embedding
feat_0569,float,,Encoding feat index 569 of the embedding
feat_0570,float,,Encoding feat index 570 of the embedding
feat_0571,float,,Encoding feat index 571 of the embedding
feat_0572,float,,Encoding feat index 572 of the embedding
feat_0573,float,,Encoding feat index 573 of the embedding
feat_0574,float,,Encoding feat index 574 of the embedding
feat_0575,float,,Encoding feat index 575 of the embedding
feat_0576,float,,Encoding feat index 576 of the embedding
feat_0577,float,,Encoding feat index 577 of the embedding
feat_0578,float,,Encoding feat index 578 of the embedding
feat_0579,float,,Encoding feat index 579 of the embedding
feat_0580,float,,Encoding feat index 580 of the embedding
feat_0581,float,,Encoding feat index 581 of the embedding
feat_0582,float,,Encoding feat index 582 of the embedding
feat_0583,float,,Encoding feat index 583 of the embedding
feat_0584,float,,Encoding feat index 584 of the embedding
feat_0585,float,,Encoding feat index 585 of the embedding
feat_0586,float,,Encoding feat index 586 of the embedding
feat_0587,float,,Encoding feat index 587 of the embedding
feat_0588,float,,Encoding feat index 588 of the embedding
feat_0589,float,,Encoding feat index 589 of the embedding
feat_0590,float,,Encoding feat index 590 of the embedding
feat_0591,float,,Encoding feat index 591 of the embedding
feat_0592,float,,Encoding feat index 592 of the embedding
feat_0593,float,,Encoding feat index 593 of the embedding
feat_0594,float,,Encoding feat index 594 of the embedding
feat_0595,float,,Encoding feat index 595 of the embedding
feat_0596,float,,Encoding feat index 596 of the embedding
feat_0597,float,,Encoding feat index 597 of the embedding
feat_0598,float,,Encoding feat index 598 of the embedding
feat_0599,float,,Encoding feat index 599 of the embedding
feat_0600,float,,Encoding feat index 600 of the embedding
feat_0601,float,,Encoding feat index 601 of the embedding
feat_0602,float,,Encoding feat index 602 of the embedding
feat_0603,float,,Encoding feat index 603 of the embedding
feat_0604,float,,Encoding feat index 604 of the embedding
feat_0605,float,,Encoding feat index 605 of the embedding
feat_0606,float,,Encoding feat index 606 of the embedding
feat_0607,float,,Encoding feat index 607 of the embedding
feat_0608,float,,Encoding feat index 608 of the embedding
feat_0609,float,,Encoding feat index 609 of the embedding
feat_0610,float,,Encoding feat index 610 of the embedding
feat_0611,float,,Encoding feat index 611 of the embedding
feat_0612,float,,Encoding feat index 612 of the embedding
feat_0613,float,,Encoding feat index 613 of the embedding
feat_0614,float,,Encoding feat index 614 of the embedding
feat_0615,float,,Encoding feat index 615 of the embedding
feat_0616,float,,Encoding feat index 616 of the embedding
feat_0617,float,,Encoding feat index 617 of the embedding
feat_0618,float,,Encoding feat index 618 of the embedding
feat_0619,float,,Encoding feat index 619 of the embedding
feat_0620,float,,Encoding feat index 620 of the embedding
feat_0621,float,,Encoding feat index 621 of the embedding
feat_0622,float,,Encoding feat index 622 of the embedding
feat_0623,float,,Encoding feat index 623 of the embedding
feat_0624,float,,Encoding feat index 624 of the embedding
feat_0625,float,,Encoding feat index 625 of the embedding
feat_0626,float,,Encoding feat index 626 of the embedding
feat_0627,float,,Encoding feat index 627 of the embedding
feat_0628,float,,Encoding feat index 628 of the embedding
feat_0629,float,,Encoding feat index 629 of the embedding
feat_0630,float,,Encoding feat index 630 of the embedding
feat_0631,float,,Encoding feat index 631 of the embedding
feat_0632,float,,Encoding feat index 632 of the embedding
feat_0633,float,,Encoding feat index 633 of the embedding
feat_0634,float,,Encoding feat index 634 of the embedding
feat_0635,float,,Encoding feat index 635 of the embedding
feat_0636,float,,Encoding feat index 636 of the embedding
feat_0637,float,,Encoding feat index 637 of the embedding
feat_0638,float,,Encoding feat index 638 of the embedding
feat_0639,float,,Encoding feat index 639 of the embedding
feat_0640,float,,Encoding feat index 640 of the embedding
feat_0641,float,,Encoding feat index 641 of the embedding
feat_0642,float,,Encoding feat index 642 of the embedding
feat_0643,float,,Encoding feat index 643 of the embedding
feat_0644,float,,Encoding feat index 644 of the embedding
feat_0645,float,,Encoding feat index 645 of the embedding
feat_0646,float,,Encoding feat index 646 of the embedding
feat_0647,float,,Encoding feat index 647 of the embedding
feat_0648,float,,Encoding feat index 648 of the embedding
feat_0649,float,,Encoding feat index 649 of the embedding
feat_0650,float,,Encoding feat index 650 of the embedding
feat_0651,float,,Encoding feat index 651 of the embedding
feat_0652,float,,Encoding feat index 652 of the embedding
feat_0653,float,,Encoding feat index 653 of the embedding
feat_0654,float,,Encoding feat index 654 of the embedding
feat_0655,float,,Encoding feat index 655 of the embedding
feat_0656,float,,Encoding feat index 656 of the embedding
feat_0657,float,,Encoding feat index 657 of the embedding
feat_0658,float,,Encoding feat index 658 of the embedding
feat_0659,float,,Encoding feat index 659 of the embedding
feat_0660,float,,Encoding feat index 660 of the embedding
feat_0661,float,,Encoding feat index 661 of the embedding
feat_0662,float,,Encoding feat index 662 of the embedding
feat_0663,float,,Encoding feat index 663 of the embedding
feat_0664,float,,Encoding feat index 664 of the embedding
feat_0665,float,,Encoding feat index 665 of the embedding
feat_0666,float,,Encoding feat index 666 of the embedding
feat_0667,float,,Encoding feat index 667 of the embedding
feat_0668,float,,Encoding feat index 668 of the embedding
feat_0669,float,,Encoding feat index 669 of the embedding
feat_0670,float,,Encoding feat index 670 of the embedding
feat_0671,float,,Encoding feat index 671 of the embedding
feat_0672,float,,Encoding feat index 672 of the embedding
feat_0673,float,,Encoding feat index 673 of the embedding
feat_0674,float,,Encoding feat index 674 of the embedding
feat_0675,float,,Encoding feat index 675 of the embedding
feat_0676,float,,Encoding feat index 676 of the embedding
feat_0677,float,,Encoding feat index 677 of the embedding
feat_0678,float,,Encoding feat index 678 of the embedding
feat_0679,float,,Encoding feat index 679 of the embedding
feat_0680,float,,Encoding feat index 680 of the embedding
feat_0681,float,,Encoding feat index 681 of the embedding
feat_0682,float,,Encoding feat index 682 of the embedding
feat_0683,float,,Encoding feat index 683 of the embedding
feat_0684,float,,Encoding feat index 684 of the embedding
feat_0685,float,,Encoding feat index 685 of the embedding
feat_0686,float,,Encoding feat index 686 of the embedding
feat_0687,float,,Encoding feat index 687 of the embedding
feat_0688,float,,Encoding feat index 688 of the embedding
feat_0689,float,,Encoding feat index 689 of the embedding
feat_0690,float,,Encoding feat index 690 of the embedding
feat_0691,float,,Encoding feat index 691 of the embedding
feat_0692,float,,Encoding feat index 692 of the embedding
feat_0693,float,,Encoding feat index 693 of the embedding
feat_0694,float,,Encoding feat index 694 of the embedding
feat_0695,float,,Encoding feat index 695 of the embedding
feat_0696,float,,Encoding feat index 696 of the embedding
feat_0697,float,,Encoding feat index 697 of the embedding
feat_0698,float,,Encoding feat index 698 of the embedding
feat_0699,float,,Encoding feat index 699 of the embedding
feat_0700,float,,Encoding feat index 700 of the embedding
feat_0701,float,,Encoding feat index 701 of the embedding
feat_0702,float,,Encoding feat index 702 of the embedding
feat_0703,float,,Encoding feat index 703 of the embedding
feat_0704,float,,Encoding feat index 704 of the embedding
feat_0705,float,,Encoding feat index 705 of the embedding
feat_0706,float,,Encoding feat index 706 of the embedding
feat_0707,float,,Encoding feat index 707 of the embedding
feat_0708,float,,Encoding feat index 708 of the embedding
feat_0709,float,,Encoding feat index 709 of the embedding
feat_0710,float,,Encoding feat index 710 of the embedding
feat_0711,float,,Encoding feat index 711 of the embedding
feat_0712,float,,Encoding feat index 712 of the embedding
feat_0713,float,,Encoding feat index 713 of the embedding
feat_0714,float,,Encoding feat index 714 of the embedding
feat_0715,float,,Encoding feat index 715 of the embedding
feat_0716,float,,Encoding feat index 716 of the embedding
feat_0717,float,,Encoding feat index 717 of the embedding
feat_0718,float,,Encoding feat index 718 of the embedding
feat_0719,float,,Encoding feat index 719 of the embedding
feat_0720,float,,Encoding feat index 720 of the embedding
feat_0721,float,,Encoding feat index 721 of the embedding
feat_0722,float,,Encoding feat index 722 of the embedding
feat_0723,float,,Encoding feat index 723 of the embedding
feat_0724,float,,Encoding feat index 724 of the embedding
feat_0725,float,,Encoding feat index 725 of the embedding
feat_0726,float,,Encoding feat index 726 of the embedding
feat_0727,float,,Encoding feat index 727 of the embedding
feat_0728,float,,Encoding feat index 728 of the embedding
feat_0729,float,,Encoding feat index 729 of the embedding
feat_0730,float,,Encoding feat index 730 of the embedding
feat_0731,float,,Encoding feat index 731 of the embedding
feat_0732,float,,Encoding feat index 732 of the embedding
feat_0733,float,,Encoding feat index 733 of the embedding
feat_0734,float,,Encoding feat index 734 of the embedding
feat_0735,float,,Encoding feat index 735 of the embedding
feat_0736,float,,Encoding feat index 736 of the embedding
feat_0737,float,,Encoding feat index 737 of the embedding
feat_0738,float,,Encoding feat index 738 of the embedding
feat_0739,float,,Encoding feat index 739 of the embedding
feat_0740,float,,Encoding feat index 740 of the embedding
feat_0741,float,,Encoding feat index 741 of the embedding
feat_0742,float,,Encoding feat index 742 of the embedding
feat_0743,float,,Encoding feat index 743 of the embedding
feat_0744,float,,Encoding feat index 744 of the embedding
feat_0745,float,,Encoding feat index 745 of the embedding
feat_0746,float,,Encoding feat index 746 of the embedding
feat_0747,float,,Encoding feat index 747 of the embedding
feat_0748,float,,Encoding feat index 748 of the embedding
feat_0749,float,,Encoding feat index 749 of the embedding
feat_0750,float,,Encoding feat index 750 of the embedding
feat_0751,float,,Encoding feat index 751 of the embedding
feat_0752,float,,Encoding feat index 752 of the embedding
feat_0753,float,,Encoding feat index 753 of the embedding
feat_0754,float,,Encoding feat index 754 of the embedding
feat_0755,float,,Encoding feat index 755 of the embedding
feat_0756,float,,Encoding feat index 756 of the embedding
feat_0757,float,,Encoding feat index 757 of the embedding
feat_0758,float,,Encoding feat index 758 of the embedding
feat_0759,float,,Encoding feat index 759 of the embedding
feat_0760,float,,Encoding feat index 760 of the embedding
feat_0761,float,,Encoding feat index 761 of the embedding
feat_0762,float,,Encoding feat index 762 of the embedding
feat_0763,float,,Encoding feat index 763 of the embedding
feat_0764,float,,Encoding feat index 764 of the embedding
feat_0765,float,,Encoding feat index 765 of the embedding
feat_0766,float,,Encoding feat index 766 of the embedding
feat_0767,float,,Encoding feat index 767 of the embedding
feat_0768,float,,Encoding feat index 768 of the embedding
feat_0769,float,,Encoding feat index 769 of the embedding
feat_0770,float,,Encoding feat index 770 of the embedding
feat_0771,float,,Encoding feat index 771 of the embedding
feat_0772,float,,Encoding feat index 772 of the embedding
feat_0773,float,,Encoding feat index 773 of the embedding
feat_0774,float,,Encoding feat index 774 of the embedding
feat_0775,float,,Encoding feat index 775 of the embedding
feat_0776,float,,Encoding feat index 776 of the embedding
feat_0777,float,,Encoding feat index 777 of the embedding
feat_0778,float,,Encoding feat index 778 of the embedding
feat_0779,float,,Encoding feat index 779 of the embedding
feat_0780,float,,Encoding feat index 780 of the embedding
feat_0781,float,,Encoding feat index 781 of the embedding
feat_0782,float,,Encoding feat index 782 of the embedding
feat_0783,float,,Encoding feat index 783 of the embedding
feat_0784,float,,Encoding feat index 784 of the embedding
feat_0785,float,,Encoding feat index 785 of the embedding
feat_0786,float,,Encoding feat index 786 of the embedding
feat_0787,float,,Encoding feat index 787 of the embedding
feat_0788,float,,Encoding feat index 788 of the embedding
feat_0789,float,,Encoding feat index 789 of the embedding
feat_0790,float,,Encoding feat index 790 of the embedding
feat_0791,float,,Encoding feat index 791 of the embedding
feat_0792,float,,Encoding feat index 792 of the embedding
feat_0793,float,,Encoding feat index 793 of the embedding
feat_0794,float,,Encoding feat index 794 of the embedding
feat_0795,float,,Encoding feat index 795 of the embedding
feat_0796,float,,Encoding feat index 796 of the embedding
feat_0797,float,,Encoding feat index 797 of the embedding
feat_0798,float,,Encoding feat index 798 of the embedding
feat_0799,float,,Encoding feat index 799 of the embedding
feat_0800,float,,Encoding feat index 800 of the embedding
feat_0801,float,,Encoding feat index 801 of the embedding
feat_0802,float,,Encoding feat index 802 of the embedding
feat_0803,float,,Encoding feat index 803 of the embedding
feat_0804,float,,Encoding feat index 804 of the embedding
feat_0805,float,,Encoding feat index 805 of the embedding
feat_0806,float,,Encoding feat index 806 of the embedding
feat_0807,float,,Encoding feat index 807 of the embedding
feat_0808,float,,Encoding feat index 808 of the embedding
feat_0809,float,,Encoding feat index 809 of the embedding
feat_0810,float,,Encoding feat index 810 of the embedding
feat_0811,float,,Encoding feat index 811 of the embedding
feat_0812,float,,Encoding feat index 812 of the embedding
feat_0813,float,,Encoding feat index 813 of the embedding
feat_0814,float,,Encoding feat index 814 of the embedding
feat_0815,float,,Encoding feat index 815 of the embedding
feat_0816,float,,Encoding feat index 816 of the embedding
feat_0817,float,,Encoding feat index 817 of the embedding
feat_0818,float,,Encoding feat index 818 of the embedding
feat_0819,float,,Encoding feat index 819 of the embedding
feat_0820,float,,Encoding feat index 820 of the embedding
feat_0821,float,,Encoding feat index 821 of the embedding
feat_0822,float,,Encoding feat index 822 of the embedding
feat_0823,float,,Encoding feat index 823 of the embedding
feat_0824,float,,Encoding feat index 824 of the embedding
feat_0825,float,,Encoding feat index 825 of the embedding
feat_0826,float,,Encoding feat index 826 of the embedding
feat_0827,float,,Encoding feat index 827 of the embedding
feat_0828,float,,Encoding feat index 828 of the embedding
feat_0829,float,,Encoding feat index 829 of the embedding
feat_0830,float,,Encoding feat index 830 of the embedding
feat_0831,float,,Encoding feat index 831 of the embedding
feat_0832,float,,Encoding feat index 832 of the embedding
feat_0833,float,,Encoding feat index 833 of the embedding
feat_0834,float,,Encoding feat index 834 of the embedding
feat_0835,float,,Encoding feat index 835 of the embedding
feat_0836,float,,Encoding feat index 836 of the embedding
feat_0837,float,,Encoding feat index 837 of the embedding
feat_0838,float,,Encoding feat index 838 of the embedding
feat_0839,float,,Encoding feat index 839 of the embedding
feat_0840,float,,Encoding feat index 840 of the embedding
feat_0841,float,,Encoding feat index 841 of the embedding
feat_0842,float,,Encoding feat index 842 of the embedding
feat_0843,float,,Encoding feat index 843 of the embedding
feat_0844,float,,Encoding feat index 844 of the embedding
feat_0845,float,,Encoding feat index 845 of the embedding
feat_0846,float,,Encoding feat index 846 of the embedding
feat_0847,float,,Encoding feat index 847 of the embedding
feat_0848,float,,Encoding feat index 848 of the embedding
feat_0849,float,,Encoding feat index 849 of the embedding
feat_0850,float,,Encoding feat index 850 of the embedding
feat_0851,float,,Encoding feat index 851 of the embedding
feat_0852,float,,Encoding feat index 852 of the embedding
feat_0853,float,,Encoding feat index 853 of the embedding
feat_0854,float,,Encoding feat index 854 of the embedding
feat_0855,float,,Encoding feat index 855 of the embedding
feat_0856,float,,Encoding feat index 856 of the embedding
feat_0857,float,,Encoding feat index 857 of the embedding
feat_0858,float,,Encoding feat index 858 of the embedding
feat_0859,float,,Encoding feat index 859 of the embedding
feat_0860,float,,Encoding feat index 860 of the embedding
feat_0861,float,,Encoding feat index 861 of the embedding
feat_0862,float,,Encoding feat index 862 of the embedding
feat_0863,float,,Encoding feat index 863 of the embedding
feat_0864,float,,Encoding feat index 864 of the embedding
feat_0865,float,,Encoding feat index 865 of the embedding
feat_0866,float,,Encoding feat index 866 of the embedding
feat_0867,float,,Encoding feat index 867 of the embedding
feat_0868,float,,Encoding feat index 868 of the embedding
feat_0869,float,,Encoding feat index 869 of the embedding
feat_0870,float,,Encoding feat index 870 of the embedding
feat_0871,float,,Encoding feat index 871 of the embedding
feat_0872,float,,Encoding feat index 872 of the embedding
feat_0873,float,,Encoding feat index 873 of the embedding
feat_0874,float,,Encoding feat index 874 of the embedding
feat_0875,float,,Encoding feat index 875 of the embedding
feat_0876,float,,Encoding feat index 876 of the embedding
feat_0877,float,,Encoding feat index 877 of the embedding
feat_0878,float,,Encoding feat index 878 of the embedding
feat_0879,float,,Encoding feat index 879 of the embedding
feat_0880,float,,Encoding feat index 880 of the embedding
feat_0881,float,,Encoding feat index 881 of the embedding
feat_0882,float,,Encoding feat index 882 of the embedding
feat_0883,float,,Encoding feat index 883 of the embedding
feat_0884,float,,Encoding feat index 884 of the embedding
feat_0885,float,,Encoding feat index 885 of the embedding
feat_0886,float,,Encoding feat index 886 of the embedding
feat_0887,float,,Encoding feat index 887 of the embedding
feat_0888,float,,Encoding feat index 888 of the embedding
feat_0889,float,,Encoding feat index 889 of the embedding
feat_0890,float,,Encoding feat index 890 of the embedding
feat_0891,float,,Encoding feat index 891 of the embedding
feat_0892,float,,Encoding feat index 892 of the embedding
feat_0893,float,,Encoding feat index 893 of the embedding
feat_0894,float,,Encoding feat index 894 of the embedding
feat_0895,float,,Encoding feat index 895 of the embedding
feat_0896,float,,Encoding feat index 896 of the embedding
feat_0897,float,,Encoding feat index 897 of the embedding
feat_0898,float,,Encoding feat index 898 of the embedding
feat_0899,float,,Encoding feat index 899 of the embedding
feat_0900,float,,Encoding feat index 900 of the embedding
feat_0901,float,,Encoding feat index 901 of the embedding
feat_0902,float,,Encoding feat index 902 of the embedding
feat_0903,float,,Encoding feat index 903 of the embedding
feat_0904,float,,Encoding feat index 904 of the embedding
feat_0905,float,,Encoding feat index 905 of the embedding
feat_0906,float,,Encoding feat index 906 of the embedding
feat_0907,float,,Encoding feat index 907 of the embedding
feat_0908,float,,Encoding feat index 908 of the embedding
feat_0909,float,,Encoding feat index 909 of the embedding
feat_0910,float,,Encoding feat index 910 of the embedding
feat_0911,float,,Encoding feat index 911 of the embedding
feat_0912,float,,Encoding feat index 912 of the embedding
feat_0913,float,,Encoding feat index 913 of the embedding
feat_0914,float,,Encoding feat index 914 of the embedding
feat_0915,float,,Encoding feat index 915 of the embedding
feat_0916,float,,Encoding feat index 916 of the embedding
feat_0917,float,,Encoding feat index 917 of the embedding
feat_0918,float,,Encoding feat index 918 of the embedding
feat_0919,float,,Encoding feat index 919 of the embedding
feat_0920,float,,Encoding feat index 920 of the embedding
feat_0921,float,,Encoding feat index 921 of the embedding
feat_0922,float,,Encoding feat index 922 of the embedding
feat_0923,float,,Encoding feat index 923 of the embedding
feat_0924,float,,Encoding feat index 924 of the embedding
feat_0925,float,,Encoding feat index 925 of the embedding
feat_0926,float,,Encoding feat index 926 of the embedding
feat_0927,float,,Encoding feat index 927 of the embedding
feat_0928,float,,Encoding feat index 928 of the embedding
feat_0929,float,,Encoding feat index 929 of the embedding
feat_0930,float,,Encoding feat index 930 of the embedding
feat_0931,float,,Encoding feat index 931 of the embedding
feat_0932,float,,Encoding feat index 932 of the embedding
feat_0933,float,,Encoding feat index 933 of the embedding
feat_0934,float,,Encoding feat index 934 of the embedding
feat_0935,float,,Encoding feat index 935 of the embedding
feat_0936,float,,Encoding feat index 936 of the embedding
feat_0937,float,,Encoding feat index 937 of the embedding
feat_0938,float,,Encoding feat index 938 of the embedding
feat_0939,float,,Encoding feat index 939 of the embedding
feat_0940,float,,Encoding feat index 940 of the embedding
feat_0941,float,,Encoding feat index 941 of the embedding
feat_0942,float,,Encoding feat index 942 of the embedding
feat_0943,float,,Encoding feat index 943 of the embedding
feat_0944,float,,Encoding feat index 944 of the embedding
feat_0945,float,,Encoding feat index 945 of the embedding
feat_0946,float,,Encoding feat index 946 of the embedding
feat_0947,float,,Encoding feat index 947 of the embedding
feat_0948,float,,Encoding feat index 948 of the embedding
feat_0949,float,,Encoding feat index 949 of the embedding
feat_0950,float,,Encoding feat index 950 of the embedding
feat_0951,float,,Encoding feat index 951 of the embedding
feat_0952,float,,Encoding feat index 952 of the embedding
feat_0953,float,,Encoding feat index 953 of the embedding
feat_0954,float,,Encoding feat index 954 of the embedding
feat_0955,float,,Encoding feat index 955 of the embedding
feat_0956,float,,Encoding feat index 956 of the embedding
feat_0957,float,,Encoding feat index 957 of the embedding
feat_0958,float,,Encoding feat index 958 of the embedding
feat_0959,float,,Encoding feat index 959 of the embedding
feat_0960,float,,Encoding feat index 960 of the embedding
feat_0961,float,,Encoding feat index 961 of the embedding
feat_0962,float,,Encoding feat index 962 of the embedding
feat_0963,float,,Encoding feat index 963 of the embedding
feat_0964,float,,Encoding feat index 964 of the embedding
feat_0965,float,,Encoding feat index 965 of the embedding
feat_0966,float,,Encoding feat index 966 of the embedding
feat_0967,float,,Encoding feat index 967 of the embedding
feat_0968,float,,Encoding feat index 968 of the embedding
feat_0969,float,,Encoding feat index 969 of the embedding
feat_0970,float,,Encoding feat index 970 of the embedding
feat_0971,float,,Encoding feat index 971 of the embedding
feat_0972,float,,Encoding feat index 972 of the embedding
feat_0973,float,,Encoding feat index 973 of the embedding
feat_0974,float,,Encoding feat index 974 of the embedding
feat_0975,float,,Encoding feat index 975 of the embedding
feat_0976,float,,Encoding feat index 976 of the embedding
feat_0977,float,,Encoding feat index 977 of the embedding
feat_0978,float,,Encoding feat index 978 of the embedding
feat_0979,float,,Encoding feat index 979 of the embedding
feat_0980,float,,Encoding feat index 980 of the embedding
feat_0981,float,,Encoding feat index 981 of the embedding
feat_0982,float,,Encoding feat index 982 of the embedding
feat_0983,float,,Encoding feat index 983 of the embedding
feat_0984,float,,Encoding feat index 984 of the embedding
feat_0985,float,,Encoding feat index 985 of the embedding
feat_0986,float,,Encoding feat index 986 of the embedding
feat_0987,float,,Encoding feat index 987 of the embedding
feat_0988,float,,Encoding feat index 988 of the embedding
feat_0989,float,,Encoding feat index 989 of the embedding
feat_0990,float,,Encoding feat index 990 of the embedding
feat_0991,float,,Encoding feat index 991 of the embedding
feat_0992,float,,Encoding feat index 992 of the embedding
feat_0993,float,,Encoding feat index 993 of the embedding
feat_0994,float,,Encoding feat index 994 of the embedding
feat_0995,float,,Encoding feat index 995 of the embedding
feat_0996,float,,Encoding feat index 996 of the embedding
feat_0997,float,,Encoding feat index 997 of the embedding
feat_0998,float,,Encoding feat index 998 of the embedding
feat_0999,float,,Encoding feat index 999 of the embedding
feat_1000,float,,Encoding feat index 1000 of the embedding
feat_1001,float,,Encoding feat index 1001 of the embedding
feat_1002,float,,Encoding feat index 1002 of the embedding
feat_1003,float,,Encoding feat index 1003 of the embedding
feat_1004,float,,Encoding feat index 1004 of the embedding
feat_1005,float,,Encoding feat index 1005 of the embedding
feat_1006,float,,Encoding feat index 1006 of the embedding
feat_1007,float,,Encoding feat index 1007 of the embedding
feat_1008,float,,Encoding feat index 1008 of the embedding
feat_1009,float,,Encoding feat index 1009 of the embedding
feat_1010,float,,Encoding feat index 1010 of the embedding
feat_1011,float,,Encoding feat index 1011 of the embedding
feat_1012,float,,Encoding feat index 1012 of the embedding
feat_1013,float,,Encoding feat index 1013 of the embedding
feat_1014,float,,Encoding feat index 1014 of the embedding
feat_1015,float,,Encoding feat index 1015 of the embedding
feat_1016,float,,Encoding feat index 1016 of the embedding
feat_1017,float,,Encoding feat index 1017 of the embedding
feat_1018,float,,Encoding feat index 1018 of the embedding
feat_1019,float,,Encoding feat index 1019 of the embedding
feat_1020,float,,Encoding feat index 1020 of the embedding
feat_1021,float,,Encoding feat index 1021 of the embedding
feat_1022,float,,Encoding feat index 1022 of the embedding
feat_1023,float,,Encoding feat index 1023 of the embedding
feat_1024,float,,Encoding feat index 1024 of the embedding
feat_1025,float,,Encoding feat index 1025 of the embedding
feat_1026,float,,Encoding feat index 1026 of the embedding
feat_1027,float,,Encoding feat index 1027 of the embedding
feat_1028,float,,Encoding feat index 1028 of the embedding
feat_1029,float,,Encoding feat index 1029 of the embedding
feat_1030,float,,Encoding feat index 1030 of the embedding
feat_1031,float,,Encoding feat index 1031 of the embedding
feat_1032,float,,Encoding feat index 1032 of the embedding
feat_1033,float,,Encoding feat index 1033 of the embedding
feat_1034,float,,Encoding feat index 1034 of the embedding
feat_1035,float,,Encoding feat index 1035 of the embedding
feat_1036,float,,Encoding feat index 1036 of the embedding
feat_1037,float,,Encoding feat index 1037 of the embedding
feat_1038,float,,Encoding feat index 1038 of the embedding
feat_1039,float,,Encoding feat index 1039 of the embedding
feat_1040,float,,Encoding feat index 1040 of the embedding
feat_1041,float,,Encoding feat index 1041 of the embedding
feat_1042,float,,Encoding feat index 1042 of the embedding
feat_1043,float,,Encoding feat index 1043 of the embedding
feat_1044,float,,Encoding feat index 1044 of the embedding
feat_1045,float,,Encoding feat index 1045 of the embedding
feat_1046,float,,Encoding feat index 1046 of the embedding
feat_1047,float,,Encoding feat index 1047 of the embedding
feat_1048,float,,Encoding feat index 1048 of the embedding
feat_1049,float,,Encoding feat index 1049 of the embedding
feat_1050,float,,Encoding feat index 1050 of the embedding
feat_1051,float,,Encoding feat index 1051 of the embedding
feat_1052,float,,Encoding feat index 1052 of the embedding
feat_1053,float,,Encoding feat index 1053 of the embedding
feat_1054,float,,Encoding feat index 1054 of the embedding
feat_1055,float,,Encoding feat index 1055 of the embedding
feat_1056,float,,Encoding feat index 1056 of the embedding
feat_1057,float,,Encoding feat index 1057 of the embedding
feat_1058,float,,Encoding feat index 1058 of the embedding
feat_1059,float,,Encoding feat index 1059 of the embedding
feat_1060,float,,Encoding feat index 1060 of the embedding
feat_1061,float,,Encoding feat index 1061 of the embedding
feat_1062,float,,Encoding feat index 1062 of the embedding
feat_1063,float,,Encoding feat index 1063 of the embedding
feat_1064,float,,Encoding feat index 1064 of the embedding
feat_1065,float,,Encoding feat index 1065 of the embedding
feat_1066,float,,Encoding feat index 1066 of the embedding
feat_1067,float,,Encoding feat index 1067 of the embedding
feat_1068,float,,Encoding feat index 1068 of the embedding
feat_1069,float,,Encoding feat index 1069 of the embedding
feat_1070,float,,Encoding feat index 1070 of the embedding
feat_1071,float,,Encoding feat index 1071 of the embedding
feat_1072,float,,Encoding feat index 1072 of the embedding
feat_1073,float,,Encoding feat index 1073 of the embedding
feat_1074,float,,Encoding feat index 1074 of the embedding
feat_1075,float,,Encoding feat index 1075 of the embedding
feat_1076,float,,Encoding feat index 1076 of the embedding
feat_1077,float,,Encoding feat index 1077 of the embedding
feat_1078,float,,Encoding feat index 1078 of the embedding
feat_1079,float,,Encoding feat index 1079 of the embedding
feat_1080,float,,Encoding feat index 1080 of the embedding
feat_1081,float,,Encoding feat index 1081 of the embedding
feat_1082,float,,Encoding feat index 1082 of the embedding
feat_1083,float,,Encoding feat index 1083 of the embedding
feat_1084,float,,Encoding feat index 1084 of the embedding
feat_1085,float,,Encoding feat index 1085 of the embedding
feat_1086,float,,Encoding feat index 1086 of the embedding
feat_1087,float,,Encoding feat index 1087 of the embedding
feat_1088,float,,Encoding feat index 1088 of the embedding
feat_1089,float,,Encoding feat index 1089 of the embedding
feat_1090,float,,Encoding feat index 1090 of the embedding
feat_1091,float,,Encoding feat index 1091 of the embedding
feat_1092,float,,Encoding feat index 1092 of the embedding
feat_1093,float,,Encoding feat index 1093 of the embedding
feat_1094,float,,Encoding feat index 1094 of the embedding
feat_1095,float,,Encoding feat index 1095 of the embedding
feat_1096,float,,Encoding feat index 1096 of the embedding
feat_1097,float,,Encoding feat index 1097 of the embedding
feat_1098,float,,Encoding feat index 1098 of the embedding
feat_1099,float,,Encoding feat index 1099 of the embedding
feat_1100,float,,Encoding feat index 1100 of the embedding
feat_1101,float,,Encoding feat index 1101 of the embedding
feat_1102,float,,Encoding feat index 1102 of the embedding
feat_1103,float,,Encoding feat index 1103 of the embedding
feat_1104,float,,Encoding feat index 1104 of the embedding
feat_1105,float,,Encoding feat index 1105 of the embedding
feat_1106,float,,Encoding feat index 1106 of the embedding
feat_1107,float,,Encoding feat index 1107 of the embedding
feat_1108,float,,Encoding feat index 1108 of the embedding
feat_1109,float,,Encoding feat index 1109 of the embedding
feat_1110,float,,Encoding feat index 1110 of the embedding
feat_1111,float,,Encoding feat index 1111 of the embedding
feat_1112,float,,Encoding feat index 1112 of the embedding
feat_1113,float,,Encoding feat index 1113 of the embedding
feat_1114,float,,Encoding feat index 1114 of the embedding
feat_1115,float,,Encoding feat index 1115 of the embedding
feat_1116,float,,Encoding feat index 1116 of the embedding
feat_1117,float,,Encoding feat index 1117 of the embedding
feat_1118,float,,Encoding feat index 1118 of the embedding
feat_1119,float,,Encoding feat index 1119 of the embedding
feat_1120,float,,Encoding feat index 1120 of the embedding
feat_1121,float,,Encoding feat index 1121 of the embedding
feat_1122,float,,Encoding feat index 1122 of the embedding
feat_1123,float,,Encoding feat index 1123 of the embedding
feat_1124,float,,Encoding feat index 1124 of the embedding
feat_1125,float,,Encoding feat index 1125 of the embedding
feat_1126,float,,Encoding feat index 1126 of the embedding
feat_1127,float,,Encoding feat index 1127 of the embedding
feat_1128,float,,Encoding feat index 1128 of the embedding
feat_1129,float,,Encoding feat index 1129 of the embedding
feat_1130,float,,Encoding feat index 1130 of the embedding
feat_1131,float,,Encoding feat index 1131 of the embedding
feat_1132,float,,Encoding feat index 1132 of the embedding
feat_1133,float,,Encoding feat index 1133 of the embedding
feat_1134,float,,Encoding feat index 1134 of the embedding
feat_1135,float,,Encoding feat index 1135 of the embedding
feat_1136,float,,Encoding feat index 1136 of the embedding
feat_1137,float,,Encoding feat index 1137 of the embedding
feat_1138,float,,Encoding feat index 1138 of the embedding
feat_1139,float,,Encoding feat index 1139 of the embedding
feat_1140,float,,Encoding feat index 1140 of the embedding
feat_1141,float,,Encoding feat index 1141 of the embedding
feat_1142,float,,Encoding feat index 1142 of the embedding
feat_1143,float,,Encoding feat index 1143 of the embedding
feat_1144,float,,Encoding feat index 1144 of the embedding
feat_1145,float,,Encoding feat index 1145 of the embedding
feat_1146,float,,Encoding feat index 1146 of the embedding
feat_1147,float,,Encoding feat index 1147 of the embedding
feat_1148,float,,Encoding feat index 1148 of the embedding
feat_1149,float,,Encoding feat index 1149 of the embedding
feat_1150,float,,Encoding feat index 1150 of the embedding
feat_1151,float,,Encoding feat index 1151 of the embedding
feat_1152,float,,Encoding feat index 1152 of the embedding
feat_1153,float,,Encoding feat index 1153 of the embedding
feat_1154,float,,Encoding feat index 1154 of the embedding
feat_1155,float,,Encoding feat index 1155 of the embedding
feat_1156,float,,Encoding feat index 1156 of the embedding
feat_1157,float,,Encoding feat index 1157 of the embedding
feat_1158,float,,Encoding feat index 1158 of the embedding
feat_1159,float,,Encoding feat index 1159 of the embedding
feat_1160,float,,Encoding feat index 1160 of the embedding
feat_1161,float,,Encoding feat index 1161 of the embedding
feat_1162,float,,Encoding feat index 1162 of the embedding
feat_1163,float,,Encoding feat index 1163 of the embedding
feat_1164,float,,Encoding feat index 1164 of the embedding
feat_1165,float,,Encoding feat index 1165 of the embedding
feat_1166,float,,Encoding feat index 1166 of the embedding
feat_1167,float,,Encoding feat index 1167 of the embedding
feat_1168,float,,Encoding feat index 1168 of the embedding
feat_1169,float,,Encoding feat index 1169 of the embedding
feat_1170,float,,Encoding feat index 1170 of the embedding
feat_1171,float,,Encoding feat index 1171 of the embedding
feat_1172,float,,Encoding feat index 1172 of the embedding
feat_1173,float,,Encoding feat index 1173 of the embedding
feat_1174,float,,Encoding feat index 1174 of the embedding
feat_1175,float,,Encoding feat index 1175 of the embedding
feat_1176,float,,Encoding feat index 1176 of the embedding
feat_1177,float,,Encoding feat index 1177 of the embedding
feat_1178,float,,Encoding feat index 1178 of the embedding
feat_1179,float,,Encoding feat index 1179 of the embedding
feat_1180,float,,Encoding feat index 1180 of the embedding
feat_1181,float,,Encoding feat index 1181 of the embedding
feat_1182,float,,Encoding feat index 1182 of the embedding
feat_1183,float,,Encoding feat index 1183 of the embedding
feat_1184,float,,Encoding feat index 1184 of the embedding
feat_1185,float,,Encoding feat index 1185 of the embedding
feat_1186,float,,Encoding feat index 1186 of the embedding
feat_1187,float,,Encoding feat index 1187 of the embedding
feat_1188,float,,Encoding feat index 1188 of the embedding
feat_1189,float,,Encoding feat index 1189 of the embedding
feat_1190,float,,Encoding feat index 1190 of the embedding
feat_1191,float,,Encoding feat index 1191 of the embedding
feat_1192,float,,Encoding feat index 1192 of the embedding
feat_1193,float,,Encoding feat index 1193 of the embedding
feat_1194,float,,Encoding feat index 1194 of the embedding
feat_1195,float,,Encoding feat index 1195 of the embedding
feat_1196,float,,Encoding feat index 1196 of the embedding
feat_1197,float,,Encoding feat index 1197 of the embedding
feat_1198,float,,Encoding feat index 1198 of the embedding
feat_1199,float,,Encoding feat index 1199 of the embedding
feat_1200,float,,Encoding feat index 1200 of the embedding
feat_1201,float,,Encoding feat index 1201 of the embedding
feat_1202,float,,Encoding feat index 1202 of the embedding
feat_1203,float,,Encoding feat index 1203 of the embedding
feat_1204,float,,Encoding feat index 1204 of the embedding
feat_1205,float,,Encoding feat index 1205 of the embedding
feat_1206,float,,Encoding feat index 1206 of the embedding
feat_1207,float,,Encoding feat index 1207 of the embedding
feat_1208,float,,Encoding feat index 1208 of the embedding
feat_1209,float,,Encoding feat index 1209 of the embedding
feat_1210,float,,Encoding feat index 1210 of the embedding
feat_1211,float,,Encoding feat index 1211 of the embedding
feat_1212,float,,Encoding feat index 1212 of the embedding
feat_1213,float,,Encoding feat index 1213 of the embedding
feat_1214,float,,Encoding feat index 1214 of the embedding
feat_1215,float,,Encoding feat index 1215 of the embedding
feat_1216,float,,Encoding feat index 1216 of the embedding
feat_1217,float,,Encoding feat index 1217 of the embedding
feat_1218,float,,Encoding feat index 1218 of the embedding
feat_1219,float,,Encoding feat index 1219 of the embedding
feat_1220,float,,Encoding feat index 1220 of the embedding
feat_1221,float,,Encoding feat index 1221 of the embedding
feat_1222,float,,Encoding feat index 1222 of the embedding
feat_1223,float,,Encoding feat index 1223 of the embedding
feat_1224,float,,Encoding feat index 1224 of the embedding
feat_1225,float,,Encoding feat index 1225 of the embedding
feat_1226,float,,Encoding feat index 1226 of the embedding
feat_1227,float,,Encoding feat index 1227 of the embedding
feat_1228,float,,Encoding feat index 1228 of the embedding
feat_1229,float,,Encoding feat index 1229 of the embedding
feat_1230,float,,Encoding feat index 1230 of the embedding
feat_1231,float,,Encoding feat index 1231 of the embedding
feat_1232,float,,Encoding feat index 1232 of the embedding
feat_1233,float,,Encoding feat index 1233 of the embedding
feat_1234,float,,Encoding feat index 1234 of the embedding
feat_1235,float,,Encoding feat index 1235 of the embedding
feat_1236,float,,Encoding feat index 1236 of the embedding
feat_1237,float,,Encoding feat index 1237 of the embedding
feat_1238,float,,Encoding feat index 1238 of the embedding
feat_1239,float,,Encoding feat index 1239 of the embedding
feat_1240,float,,Encoding feat index 1240 of the embedding
feat_1241,float,,Encoding feat index 1241 of the embedding
feat_1242,float,,Encoding feat index 1242 of the embedding
feat_1243,float,,Encoding feat index 1243 of the embedding
feat_1244,float,,Encoding feat index 1244 of the embedding
feat_1245,float,,Encoding feat index 1245 of the embedding
feat_1246,float,,Encoding feat index 1246 of the embedding
feat_1247,float,,Encoding feat index 1247 of the embedding
feat_1248,float,,Encoding feat index 1248 of the embedding
feat_1249,float,,Encoding feat index 1249 of the embedding
feat_1250,float,,Encoding feat index 1250 of the embedding
feat_1251,float,,Encoding feat index 1251 of the embedding
feat_1252,float,,Encoding feat index 1252 of the embedding
feat_1253,float,,Encoding feat index 1253 of the embedding
feat_1254,float,,Encoding feat index 1254 of the embedding
feat_1255,float,,Encoding feat index 1255 of the embedding
feat_1256,float,,Encoding feat index 1256 of the embedding
feat_1257,float,,Encoding feat index 1257 of the embedding
feat_1258,float,,Encoding feat index 1258 of the embedding
feat_1259,float,,Encoding feat index 1259 of the embedding
feat_1260,float,,Encoding feat index 1260 of the embedding
feat_1261,float,,Encoding feat index 1261 of the embedding
feat_1262,float,,Encoding feat index 1262 of the embedding
feat_1263,float,,Encoding feat index 1263 of the embedding
feat_1264,float,,Encoding feat index 1264 of the embedding
feat_1265,float,,Encoding feat index 1265 of the embedding
feat_1266,float,,Encoding feat index 1266 of the embedding
feat_1267,float,,Encoding feat index 1267 of the embedding
feat_1268,float,,Encoding feat index 1268 of the embedding
feat_1269,float,,Encoding feat index 1269 of the embedding
feat_1270,float,,Encoding feat index 1270 of the embedding
feat_1271,float,,Encoding feat index 1271 of the embedding
feat_1272,float,,Encoding feat index 1272 of the embedding
feat_1273,float,,Encoding feat index 1273 of the embedding
feat_1274,float,,Encoding feat index 1274 of the embedding
feat_1275,float,,Encoding feat index 1275 of the embedding
feat_1276,float,,Encoding feat index 1276 of the embedding
feat_1277,float,,Encoding feat index 1277 of the embedding
feat_1278,float,,Encoding feat index 1278 of the embedding
feat_1279,float,,Encoding feat index 1279 of the embedding
feat_1280,float,,Encoding feat index 1280 of the embedding
feat_1281,float,,Encoding feat index 1281 of the embedding
feat_1282,float,,Encoding feat index 1282 of the embedding
feat_1283,float,,Encoding feat index 1283 of the embedding
feat_1284,float,,Encoding feat index 1284 of the embedding
feat_1285,float,,Encoding feat index 1285 of the embedding
feat_1286,float,,Encoding feat index 1286 of the embedding
feat_1287,float,,Encoding feat index 1287 of the embedding
feat_1288,float,,Encoding feat index 1288 of the embedding
feat_1289,float,,Encoding feat index 1289 of the embedding
feat_1290,float,,Encoding feat index 1290 of the embedding
feat_1291,float,,Encoding feat index 1291 of the embedding
feat_1292,float,,Encoding feat index 1292 of the embedding
feat_1293,float,,Encoding feat index 1293 of the embedding
feat_1294,float,,Encoding feat index 1294 of the embedding
feat_1295,float,,Encoding feat index 1295 of the embedding
feat_1296,float,,Encoding feat index 1296 of the embedding
feat_1297,float,,Encoding feat index 1297 of the embedding
feat_1298,float,,Encoding feat index 1298 of the embedding
feat_1299,float,,Encoding feat index 1299 of the embedding
feat_1300,float,,Encoding feat index 1300 of the embedding
feat_1301,float,,Encoding feat index 1301 of the embedding
feat_1302,float,,Encoding feat index 1302 of the embedding
feat_1303,float,,Encoding feat index 1303 of the embedding
feat_1304,float,,Encoding feat index 1304 of the embedding
feat_1305,float,,Encoding feat index 1305 of the embedding
feat_1306,float,,Encoding feat index 1306 of the embedding
feat_1307,float,,Encoding feat index 1307 of the embedding
feat_1308,float,,Encoding feat index 1308 of the embedding
feat_1309,float,,Encoding feat index 1309 of the embedding
feat_1310,float,,Encoding feat index 1310 of the embedding
feat_1311,float,,Encoding feat index 1311 of the embedding
feat_1312,float,,Encoding feat index 1312 of the embedding
feat_1313,float,,Encoding feat index 1313 of the embedding
feat_1314,float,,Encoding feat index 1314 of the embedding
feat_1315,float,,Encoding feat index 1315 of the embedding
feat_1316,float,,Encoding feat index 1316 of the embedding
feat_1317,float,,Encoding feat index 1317 of the embedding
feat_1318,float,,Encoding feat index 1318 of the embedding
feat_1319,float,,Encoding feat index 1319 of the embedding
feat_1320,float,,Encoding feat index 1320 of the embedding
feat_1321,float,,Encoding feat index 1321 of the embedding
feat_1322,float,,Encoding feat index 1322 of the embedding
feat_1323,float,,Encoding feat index 1323 of the embedding
feat_1324,float,,Encoding feat index 1324 of the embedding
feat_1325,float,,Encoding feat index 1325 of the embedding
feat_1326,float,,Encoding feat index 1326 of the embedding
feat_1327,float,,Encoding feat index 1327 of the embedding
feat_1328,float,,Encoding feat index 1328 of the embedding
feat_1329,float,,Encoding feat index 1329 of the embedding
feat_1330,float,,Encoding feat index 1330 of the embedding
feat_1331,float,,Encoding feat index 1331 of the embedding
feat_1332,float,,Encoding feat index 1332 of the embedding
feat_1333,float,,Encoding feat index 1333 of the embedding
feat_1334,float,,Encoding feat index 1334 of the embedding
feat_1335,float,,Encoding feat index 1335 of the embedding
feat_1336,float,,Encoding feat index 1336 of the embedding
feat_1337,float,,Encoding feat index 1337 of the embedding
feat_1338,float,,Encoding feat index 1338 of the embedding
feat_1339,float,,Encoding feat index 1339 of the embedding
feat_1340,float,,Encoding feat index 1340 of the embedding
feat_1341,float,,Encoding feat index 1341 of the embedding
feat_1342,float,,Encoding feat index 1342 of the embedding
feat_1343,float,,Encoding feat index 1343 of the embedding
feat_1344,float,,Encoding feat index 1344 of the embedding
feat_1345,float,,Encoding feat index 1345 of the embedding
feat_1346,float,,Encoding feat index 1346 of the embedding
feat_1347,float,,Encoding feat index 1347 of the embedding
feat_1348,float,,Encoding feat index 1348 of the embedding
feat_1349,float,,Encoding feat index 1349 of the embedding
feat_1350,float,,Encoding feat index 1350 of the embedding
feat_1351,float,,Encoding feat index 1351 of the embedding
feat_1352,float,,Encoding feat index 1352 of the embedding
feat_1353,float,,Encoding feat index 1353 of the embedding
feat_1354,float,,Encoding feat index 1354 of the embedding
feat_1355,float,,Encoding feat index 1355 of the embedding
feat_1356,float,,Encoding feat index 1356 of the embedding
feat_1357,float,,Encoding feat index 1357 of the embedding
feat_1358,float,,Encoding feat index 1358 of the embedding
feat_1359,float,,Encoding feat index 1359 of the embedding
feat_1360,float,,Encoding feat index 1360 of the embedding
feat_1361,float,,Encoding feat index 1361 of the embedding
feat_1362,float,,Encoding feat index 1362 of the embedding
feat_1363,float,,Encoding feat index 1363 of the embedding
feat_1364,float,,Encoding feat index 1364 of the embedding
feat_1365,float,,Encoding feat index 1365 of the embedding
feat_1366,float,,Encoding feat index 1366 of the embedding
feat_1367,float,,Encoding feat index 1367 of the embedding
feat_1368,float,,Encoding feat index 1368 of the embedding
feat_1369,float,,Encoding feat index 1369 of the embedding
feat_1370,float,,Encoding feat index 1370 of the embedding
feat_1371,float,,Encoding feat index 1371 of the embedding
feat_1372,float,,Encoding feat index 1372 of the embedding
feat_1373,float,,Encoding feat index 1373 of the embedding
feat_1374,float,,Encoding feat index 1374 of the embedding
feat_1375,float,,Encoding feat index 1375 of the embedding
feat_1376,float,,Encoding feat index 1376 of the embedding
feat_1377,float,,Encoding feat index 1377 of the embedding
feat_1378,float,,Encoding feat index 1378 of the embedding
feat_1379,float,,Encoding feat index 1379 of the embedding
feat_1380,float,,Encoding feat index 1380 of the embedding
feat_1381,float,,Encoding feat index 1381 of the embedding
feat_1382,float,,Encoding feat index 1382 of the embedding
feat_1383,float,,Encoding feat index 1383 of the embedding
feat_1384,float,,Encoding feat index 1384 of the embedding
feat_1385,float,,Encoding feat index 1385 of the embedding
feat_1386,float,,Encoding feat index 1386 of the embedding
feat_1387,float,,Encoding feat index 1387 of the embedding
feat_1388,float,,Encoding feat index 1388 of the embedding
feat_1389,float,,Encoding feat index 1389 of the embedding
feat_1390,float,,Encoding feat index 1390 of the embedding
feat_1391,float,,Encoding feat index 1391 of the embedding
feat_1392,float,,Encoding feat index 1392 of the embedding
feat_1393,float,,Encoding feat index 1393 of the embedding
feat_1394,float,,Encoding feat index 1394 of the embedding
feat_1395,float,,Encoding feat index 1395 of the embedding
feat_1396,float,,Encoding feat index 1396 of the embedding
feat_1397,float,,Encoding feat index 1397 of the embedding
feat_1398,float,,Encoding feat index 1398 of the embedding
feat_1399,float,,Encoding feat index 1399 of the embedding
feat_1400,float,,Encoding feat index 1400 of the embedding
feat_1401,float,,Encoding feat index 1401 of the embedding
feat_1402,float,,Encoding feat index 1402 of the embedding
feat_1403,float,,Encoding feat index 1403 of the embedding
feat_1404,float,,Encoding feat index 1404 of the embedding
feat_1405,float,,Encoding feat index 1405 of the embedding
feat_1406,float,,Encoding feat index 1406 of the embedding
feat_1407,float,,Encoding feat index 1407 of the embedding
feat_1408,float,,Encoding feat index 1408 of the embedding
feat_1409,float,,Encoding feat index 1409 of the embedding
feat_1410,float,,Encoding feat index 1410 of the embedding
feat_1411,float,,Encoding feat index 1411 of the embedding
feat_1412,float,,Encoding feat index 1412 of the embedding
feat_1413,float,,Encoding feat index 1413 of the embedding
feat_1414,float,,Encoding feat index 1414 of the embedding
feat_1415,float,,Encoding feat index 1415 of the embedding
feat_1416,float,,Encoding feat index 1416 of the embedding
feat_1417,float,,Encoding feat index 1417 of the embedding
feat_1418,float,,Encoding feat index 1418 of the embedding
feat_1419,float,,Encoding feat index 1419 of the embedding
feat_1420,float,,Encoding feat index 1420 of the embedding
feat_1421,float,,Encoding feat index 1421 of the embedding
feat_1422,float,,Encoding feat index 1422 of the embedding
feat_1423,float,,Encoding feat index 1423 of the embedding
feat_1424,float,,Encoding feat index 1424 of the embedding
feat_1425,float,,Encoding feat index 1425 of the embedding
feat_1426,float,,Encoding feat index 1426 of the embedding
feat_1427,float,,Encoding feat index 1427 of the embedding
feat_1428,float,,Encoding feat index 1428 of the embedding
feat_1429,float,,Encoding feat index 1429 of the embedding
feat_1430,float,,Encoding feat index 1430 of the embedding
feat_1431,float,,Encoding feat index 1431 of the embedding
feat_1432,float,,Encoding feat index 1432 of the embedding
feat_1433,float,,Encoding feat index 1433 of the embedding
feat_1434,float,,Encoding feat index 1434 of the embedding
feat_1435,float,,Encoding feat index 1435 of the embedding
feat_1436,float,,Encoding feat index 1436 of the embedding
feat_1437,float,,Encoding feat index 1437 of the embedding
feat_1438,float,,Encoding feat index 1438 of the embedding
feat_1439,float,,Encoding feat index 1439 of the embedding
feat_1440,float,,Encoding feat index 1440 of the embedding
feat_1441,float,,Encoding feat index 1441 of the embedding
feat_1442,float,,Encoding feat index 1442 of the embedding
feat_1443,float,,Encoding feat index 1443 of the embedding
feat_1444,float,,Encoding feat index 1444 of the embedding
feat_1445,float,,Encoding feat index 1445 of the embedding
feat_1446,float,,Encoding feat index 1446 of the embedding
feat_1447,float,,Encoding feat index 1447 of the embedding
feat_1448,float,,Encoding feat index 1448 of the embedding
feat_1449,float,,Encoding feat index 1449 of the embedding
feat_1450,float,,Encoding feat index 1450 of the embedding
feat_1451,float,,Encoding feat index 1451 of the embedding
feat_1452,float,,Encoding feat index 1452 of the embedding
feat_1453,float,,Encoding feat index 1453 of the embedding
feat_1454,float,,Encoding feat index 1454 of the embedding
feat_1455,float,,Encoding feat index 1455 of the embedding
feat_1456,float,,Encoding feat index 1456 of the embedding
feat_1457,float,,Encoding feat index 1457 of the embedding
feat_1458,float,,Encoding feat index 1458 of the embedding
feat_1459,float,,Encoding feat index 1459 of the embedding
feat_1460,float,,Encoding feat index 1460 of the embedding
feat_1461,float,,Encoding feat index 1461 of the embedding
feat_1462,float,,Encoding feat index 1462 of the embedding
feat_1463,float,,Encoding feat index 1463 of the embedding
feat_1464,float,,Encoding feat index 1464 of the embedding
feat_1465,float,,Encoding feat index 1465 of the embedding
feat_1466,float,,Encoding feat index 1466 of the embedding
feat_1467,float,,Encoding feat index 1467 of the embedding
feat_1468,float,,Encoding feat index 1468 of the embedding
feat_1469,float,,Encoding feat index 1469 of the embedding
feat_1470,float,,Encoding feat index 1470 of the embedding
feat_1471,float,,Encoding feat index 1471 of the embedding
feat_1472,float,,Encoding feat index 1472 of the embedding
feat_1473,float,,Encoding feat index 1473 of the embedding
feat_1474,float,,Encoding feat index 1474 of the embedding
feat_1475,float,,Encoding feat index 1475 of the embedding
feat_1476,float,,Encoding feat index 1476 of the embedding
feat_1477,float,,Encoding feat index 1477 of the embedding
feat_1478,float,,Encoding feat index 1478 of the embedding
feat_1479,float,,Encoding feat index 1479 of the embedding
feat_1480,float,,Encoding feat index 1480 of the embedding
feat_1481,float,,Encoding feat index 1481 of the embedding
feat_1482,float,,Encoding feat index 1482 of the embedding
feat_1483,float,,Encoding feat index 1483 of the embedding
feat_1484,float,,Encoding feat index 1484 of the embedding
feat_1485,float,,Encoding feat index 1485 of the embedding
feat_1486,float,,Encoding feat index 1486 of the embedding
feat_1487,float,,Encoding feat index 1487 of the embedding
feat_1488,float,,Encoding feat index 1488 of the embedding
feat_1489,float,,Encoding feat index 1489 of the embedding
feat_1490,float,,Encoding feat index 1490 of the embedding
feat_1491,float,,Encoding feat index 1491 of the embedding
feat_1492,float,,Encoding feat index 1492 of the embedding
feat_1493,float,,Encoding feat index 1493 of the embedding
feat_1494,float,,Encoding feat index 1494 of the embedding
feat_1495,float,,Encoding feat index 1495 of the embedding
feat_1496,float,,Encoding feat index 1496 of the embedding
feat_1497,float,,Encoding feat index 1497 of the embedding
feat_1498,float,,Encoding feat index 1498 of the embedding
feat_1499,float,,Encoding feat index 1499 of the embedding
feat_1500,float,,Encoding feat index 1500 of the embedding
feat_1501,float,,Encoding feat index 1501 of the embedding
feat_1502,float,,Encoding feat index 1502 of the embedding
feat_1503,float,,Encoding feat index 1503 of the embedding
feat_1504,float,,Encoding feat index 1504 of the embedding
feat_1505,float,,Encoding feat index 1505 of the embedding
feat_1506,float,,Encoding feat index 1506 of the embedding
feat_1507,float,,Encoding feat index 1507 of the embedding
feat_1508,float,,Encoding feat index 1508 of the embedding
feat_1509,float,,Encoding feat index 1509 of the embedding
feat_1510,float,,Encoding feat index 1510 of the embedding
feat_1511,float,,Encoding feat index 1511 of the embedding
feat_1512,float,,Encoding feat index 1512 of the embedding
feat_1513,float,,Encoding feat index 1513 of the embedding
feat_1514,float,,Encoding feat index 1514 of the embedding
feat_1515,float,,Encoding feat index 1515 of the embedding
feat_1516,float,,Encoding feat index 1516 of the embedding
feat_1517,float,,Encoding feat index 1517 of the embedding
feat_1518,float,,Encoding feat index 1518 of the embedding
feat_1519,float,,Encoding feat index 1519 of the embedding
feat_1520,float,,Encoding feat index 1520 of the embedding
feat_1521,float,,Encoding feat index 1521 of the embedding
feat_1522,float,,Encoding feat index 1522 of the embedding
feat_1523,float,,Encoding feat index 1523 of the embedding
feat_1524,float,,Encoding feat index 1524 of the embedding
feat_1525,float,,Encoding feat index 1525 of the embedding
feat_1526,float,,Encoding feat index 1526 of the embedding
feat_1527,float,,Encoding feat index 1527 of the embedding
feat_1528,float,,Encoding feat index 1528 of the embedding
feat_1529,float,,Encoding feat index 1529 of the embedding
feat_1530,float,,Encoding feat index 1530 of the embedding
feat_1531,float,,Encoding feat index 1531 of the embedding
feat_1532,float,,Encoding feat index 1532 of the embedding
feat_1533,float,,Encoding feat index 1533 of the embedding
feat_1534,float,,Encoding feat index 1534 of the embedding
feat_1535,float,,Encoding feat index 1535 of the embedding
feat_1536,float,,Encoding feat index 1536 of the embedding
feat_1537,float,,Encoding feat index 1537 of the embedding
feat_1538,float,,Encoding feat index 1538 of the embedding
feat_1539,float,,Encoding feat index 1539 of the embedding
feat_1540,float,,Encoding feat index 1540 of the embedding
feat_1541,float,,Encoding feat index 1541 of the embedding
feat_1542,float,,Encoding feat index 1542 of the embedding
feat_1543,float,,Encoding feat index 1543 of the embedding
feat_1544,float,,Encoding feat index 1544 of the embedding
feat_1545,float,,Encoding feat index 1545 of the embedding
feat_1546,float,,Encoding feat index 1546 of the embedding
feat_1547,float,,Encoding feat index 1547 of the embedding
feat_1548,float,,Encoding feat index 1548 of the embedding
feat_1549,float,,Encoding feat index 1549 of the embedding
feat_1550,float,,Encoding feat index 1550 of the embedding
feat_1551,float,,Encoding feat index 1551 of the embedding
feat_1552,float,,Encoding feat index 1552 of the embedding
feat_1553,float,,Encoding feat index 1553 of the embedding
feat_1554,float,,Encoding feat index 1554 of the embedding
feat_1555,float,,Encoding feat index 1555 of the embedding
feat_1556,float,,Encoding feat index 1556 of the embedding
feat_1557,float,,Encoding feat index 1557 of the embedding
feat_1558,float,,Encoding feat index 1558 of the embedding
feat_1559,float,,Encoding feat index 1559 of the embedding
feat_1560,float,,Encoding feat index 1560 of the embedding
feat_1561,float,,Encoding feat index 1561 of the embedding
feat_1562,float,,Encoding feat index 1562 of the embedding
feat_1563,float,,Encoding feat index 1563 of the embedding
feat_1564,float,,Encoding feat index 1564 of the embedding
feat_1565,float,,Encoding feat index 1565 of the embedding
feat_1566,float,,Encoding feat index 1566 of the embedding
feat_1567,float,,Encoding feat index 1567 of the embedding
feat_1568,float,,Encoding feat index 1568 of the embedding
feat_1569,float,,Encoding feat index 1569 of the embedding
feat_1570,float,,Encoding feat index 1570 of the embedding
feat_1571,float,,Encoding feat index 1571 of the embedding
feat_1572,float,,Encoding feat index 1572 of the embedding
feat_1573,float,,Encoding feat index 1573 of the embedding
feat_1574,float,,Encoding feat index 1574 of the embedding
feat_1575,float,,Encoding feat index 1575 of the embedding
feat_1576,float,,Encoding feat index 1576 of the embedding
feat_1577,float,,Encoding feat index 1577 of the embedding
feat_1578,float,,Encoding feat index 1578 of the embedding
feat_1579,float,,Encoding feat index 1579 of the embedding
feat_1580,float,,Encoding feat index 1580 of the embedding
feat_1581,float,,Encoding feat index 1581 of the embedding
feat_1582,float,,Encoding feat index 1582 of the embedding
feat_1583,float,,Encoding feat index 1583 of the embedding
feat_1584,float,,Encoding feat index 1584 of the embedding
feat_1585,float,,Encoding feat index 1585 of the embedding
feat_1586,float,,Encoding feat index 1586 of the embedding
feat_1587,float,,Encoding feat index 1587 of the embedding
feat_1588,float,,Encoding feat index 1588 of the embedding
feat_1589,float,,Encoding feat index 1589 of the embedding
feat_1590,float,,Encoding feat index 1590 of the embedding
feat_1591,float,,Encoding feat index 1591 of the embedding
feat_1592,float,,Encoding feat index 1592 of the embedding
feat_1593,float,,Encoding feat index 1593 of the embedding
feat_1594,float,,Encoding feat index 1594 of the embedding
feat_1595,float,,Encoding feat index 1595 of the embedding
feat_1596,float,,Encoding feat index 1596 of the embedding
feat_1597,float,,Encoding feat index 1597 of the embedding
feat_1598,float,,Encoding feat index 1598 of the embedding
feat_1599,float,,Encoding feat index 1599 of the embedding
feat_1600,float,,Encoding feat index 1600 of the embedding
feat_1601,float,,Encoding feat index 1601 of the embedding
feat_1602,float,,Encoding feat index 1602 of the embedding
feat_1603,float,,Encoding feat index 1603 of the embedding
feat_1604,float,,Encoding feat index 1604 of the embedding
feat_1605,float,,Encoding feat index 1605 of the embedding
feat_1606,float,,Encoding feat index 1606 of the embedding
feat_1607,float,,Encoding feat index 1607 of the embedding
feat_1608,float,,Encoding feat index 1608 of the embedding
feat_1609,float,,Encoding feat index 1609 of the embedding
feat_1610,float,,Encoding feat index 1610 of the embedding
feat_1611,float,,Encoding feat index 1611 of the embedding
feat_1612,float,,Encoding feat index 1612 of the embedding
feat_1613,float,,Encoding feat index 1613 of the embedding
feat_1614,float,,Encoding feat index 1614 of the embedding
feat_1615,float,,Encoding feat index 1615 of the embedding
feat_1616,float,,Encoding feat index 1616 of the embedding
feat_1617,float,,Encoding feat index 1617 of the embedding
feat_1618,float,,Encoding feat index 1618 of the embedding
feat_1619,float,,Encoding feat index 1619 of the embedding
feat_1620,float,,Encoding feat index 1620 of the embedding
feat_1621,float,,Encoding feat index 1621 of the embedding
feat_1622,float,,Encoding feat index 1622 of the embedding
feat_1623,float,,Encoding feat index 1623 of the embedding
feat_1624,float,,Encoding feat index 1624 of the embedding
feat_1625,float,,Encoding feat index 1625 of the embedding
feat_1626,float,,Encoding feat index 1626 of the embedding
feat_1627,float,,Encoding feat index 1627 of the embedding
feat_1628,float,,Encoding feat index 1628 of the embedding
feat_1629,float,,Encoding feat index 1629 of the embedding
feat_1630,float,,Encoding feat index 1630 of the embedding
feat_1631,float,,Encoding feat index 1631 of the embedding
feat_1632,float,,Encoding feat index 1632 of the embedding
feat_1633,float,,Encoding feat index 1633 of the embedding
feat_1634,float,,Encoding feat index 1634 of the embedding
feat_1635,float,,Encoding feat index 1635 of the embedding
feat_1636,float,,Encoding feat index 1636 of the embedding
feat_1637,float,,Encoding feat index 1637 of the embedding
feat_1638,float,,Encoding feat index 1638 of the embedding
feat_1639,float,,Encoding feat index 1639 of the embedding
feat_1640,float,,Encoding feat index 1640 of the embedding
feat_1641,float,,Encoding feat index 1641 of the embedding
feat_1642,float,,Encoding feat index 1642 of the embedding
feat_1643,float,,Encoding feat index 1643 of the embedding
feat_1644,float,,Encoding feat index 1644 of the embedding
feat_1645,float,,Encoding feat index 1645 of the embedding
feat_1646,float,,Encoding feat index 1646 of the embedding
feat_1647,float,,Encoding feat index 1647 of the embedding
feat_1648,float,,Encoding feat index 1648 of the embedding
feat_1649,float,,Encoding feat index 1649 of the embedding
feat_1650,float,,Encoding feat index 1650 of the embedding
feat_1651,float,,Encoding feat index 1651 of the embedding
feat_1652,float,,Encoding feat index 1652 of the embedding
feat_1653,float,,Encoding feat index 1653 of the embedding
feat_1654,float,,Encoding feat index 1654 of the embedding
feat_1655,float,,Encoding feat index 1655 of the embedding
feat_1656,float,,Encoding feat index 1656 of the embedding
feat_1657,float,,Encoding feat index 1657 of the embedding
feat_1658,float,,Encoding feat index 1658 of the embedding
feat_1659,float,,Encoding feat index 1659 of the embedding
feat_1660,float,,Encoding feat index 1660 of the embedding
feat_1661,float,,Encoding feat index 1661 of the embedding
feat_1662,float,,Encoding feat index 1662 of the embedding
feat_1663,float,,Encoding feat index 1663 of the embedding
feat_1664,float,,Encoding feat index 1664 of the embedding
feat_1665,float,,Encoding feat index 1665 of the embedding
feat_1666,float,,Encoding feat index 1666 of the embedding
feat_1667,float,,Encoding feat index 1667 of the embedding
feat_1668,float,,Encoding feat index 1668 of the embedding
feat_1669,float,,Encoding feat index 1669 of the embedding
feat_1670,float,,Encoding feat index 1670 of the embedding
feat_1671,float,,Encoding feat index 1671 of the embedding
feat_1672,float,,Encoding feat index 1672 of the embedding
feat_1673,float,,Encoding feat index 1673 of the embedding
feat_1674,float,,Encoding feat index 1674 of the embedding
feat_1675,float,,Encoding feat index 1675 of the embedding
feat_1676,float,,Encoding feat index 1676 of the embedding
feat_1677,float,,Encoding feat index 1677 of the embedding
feat_1678,float,,Encoding feat index 1678 of the embedding
feat_1679,float,,Encoding feat index 1679 of the embedding
feat_1680,float,,Encoding feat index 1680 of the embedding
feat_1681,float,,Encoding feat index 1681 of the embedding
feat_1682,float,,Encoding feat index 1682 of the embedding
feat_1683,float,,Encoding feat index 1683 of the embedding
feat_1684,float,,Encoding feat index 1684 of the embedding
feat_1685,float,,Encoding feat index 1685 of the embedding
feat_1686,float,,Encoding feat index 1686 of the embedding
feat_1687,float,,Encoding feat index 1687 of the embedding
feat_1688,float,,Encoding feat index 1688 of the embedding
feat_1689,float,,Encoding feat index 1689 of the embedding
feat_1690,float,,Encoding feat index 1690 of the embedding
feat_1691,float,,Encoding feat index 1691 of the embedding
feat_1692,float,,Encoding feat index 1692 of the embedding
feat_1693,float,,Encoding feat index 1693 of the embedding
feat_1694,float,,Encoding feat index 1694 of the embedding
feat_1695,float,,Encoding feat index 1695 of the embedding
feat_1696,float,,Encoding feat index 1696 of the embedding
feat_1697,float,,Encoding feat index 1697 of the embedding
feat_1698,float,,Encoding feat index 1698 of the embedding
feat_1699,float,,Encoding feat index 1699 of the embedding
feat_1700,float,,Encoding feat index 1700 of the embedding
feat_1701,float,,Encoding feat index 1701 of the embedding
feat_1702,float,,Encoding feat index 1702 of the embedding
feat_1703,float,,Encoding feat index 1703 of the embedding
feat_1704,float,,Encoding feat index 1704 of the embedding
feat_1705,float,,Encoding feat index 1705 of the embedding
feat_1706,float,,Encoding feat index 1706 of the embedding
feat_1707,float,,Encoding feat index 1707 of the embedding
feat_1708,float,,Encoding feat index 1708 of the embedding
feat_1709,float,,Encoding feat index 1709 of the embedding
feat_1710,float,,Encoding feat index 1710 of the embedding
feat_1711,float,,Encoding feat index 1711 of the embedding
feat_1712,float,,Encoding feat index 1712 of the embedding
feat_1713,float,,Encoding feat index 1713 of the embedding
feat_1714,float,,Encoding feat index 1714 of the embedding
feat_1715,float,,Encoding feat index 1715 of the embedding
feat_1716,float,,Encoding feat index 1716 of the embedding
feat_1717,float,,Encoding feat index 1717 of the embedding
feat_1718,float,,Encoding feat index 1718 of the embedding
feat_1719,float,,Encoding feat index 1719 of the embedding
feat_1720,float,,Encoding feat index 1720 of the embedding
feat_1721,float,,Encoding feat index 1721 of the embedding
feat_1722,float,,Encoding feat index 1722 of the embedding
feat_1723,float,,Encoding feat index 1723 of the embedding
feat_1724,float,,Encoding feat index 1724 of the embedding
feat_1725,float,,Encoding feat index 1725 of the embedding
feat_1726,float,,Encoding feat index 1726 of the embedding
feat_1727,float,,Encoding feat index 1727 of the embedding
feat_1728,float,,Encoding feat index 1728 of the embedding
feat_1729,float,,Encoding feat index 1729 of the embedding
feat_1730,float,,Encoding feat index 1730 of the embedding
feat_1731,float,,Encoding feat index 1731 of the embedding
feat_1732,float,,Encoding feat index 1732 of the embedding
feat_1733,float,,Encoding feat index 1733 of the embedding
feat_1734,float,,Encoding feat index 1734 of the embedding
feat_1735,float,,Encoding feat index 1735 of the embedding
feat_1736,float,,Encoding feat index 1736 of the embedding
feat_1737,float,,Encoding feat index 1737 of the embedding
feat_1738,float,,Encoding feat index 1738 of the embedding
feat_1739,float,,Encoding feat index 1739 of the embedding
feat_1740,float,,Encoding feat index 1740 of the embedding
feat_1741,float,,Encoding feat index 1741 of the embedding
feat_1742,float,,Encoding feat index 1742 of the embedding
feat_1743,float,,Encoding feat index 1743 of the embedding
feat_1744,float,,Encoding feat index 1744 of the embedding
feat_1745,float,,Encoding feat index 1745 of the embedding
feat_1746,float,,Encoding feat index 1746 of the embedding
feat_1747,float,,Encoding feat index 1747 of the embedding
feat_1748,float,,Encoding feat index 1748 of the embedding
feat_1749,float,,Encoding feat index 1749 of the embedding
feat_1750,float,,Encoding feat index 1750 of the embedding
feat_1751,float,,Encoding feat index 1751 of the embedding
feat_1752,float,,Encoding feat index 1752 of the embedding
feat_1753,float,,Encoding feat index 1753 of the embedding
feat_1754,float,,Encoding feat index 1754 of the embedding
feat_1755,float,,Encoding feat index 1755 of the embedding
feat_1756,float,,Encoding feat index 1756 of the embedding
feat_1757,float,,Encoding feat index 1757 of the embedding
feat_1758,float,,Encoding feat index 1758 of the embedding
feat_1759,float,,Encoding feat index 1759 of the embedding
feat_1760,float,,Encoding feat index 1760 of the embedding
feat_1761,float,,Encoding feat index 1761 of the embedding
feat_1762,float,,Encoding feat index 1762 of the embedding
feat_1763,float,,Encoding feat index 1763 of the embedding
feat_1764,float,,Encoding feat index 1764 of the embedding
feat_1765,float,,Encoding feat index 1765 of the embedding
feat_1766,float,,Encoding feat index 1766 of the embedding
feat_1767,float,,Encoding feat index 1767 of the embedding
feat_1768,float,,Encoding feat index 1768 of the embedding
feat_1769,float,,Encoding feat index 1769 of the embedding
feat_1770,float,,Encoding feat index 1770 of the embedding
feat_1771,float,,Encoding feat index 1771 of the embedding
feat_1772,float,,Encoding feat index 1772 of the embedding
feat_1773,float,,Encoding feat index 1773 of the embedding
feat_1774,float,,Encoding feat index 1774 of the embedding
feat_1775,float,,Encoding feat index 1775 of the embedding
feat_1776,float,,Encoding feat index 1776 of the embedding
feat_1777,float,,Encoding feat index 1777 of the embedding
feat_1778,float,,Encoding feat index 1778 of the embedding
feat_1779,float,,Encoding feat index 1779 of the embedding
feat_1780,float,,Encoding feat index 1780 of the embedding
feat_1781,float,,Encoding feat index 1781 of the embedding
feat_1782,float,,Encoding feat index 1782 of the embedding
feat_1783,float,,Encoding feat index 1783 of the embedding
feat_1784,float,,Encoding feat index 1784 of the embedding
feat_1785,float,,Encoding feat index 1785 of the embedding
feat_1786,float,,Encoding feat index 1786 of the embedding
feat_1787,float,,Encoding feat index 1787 of the embedding
feat_1788,float,,Encoding feat index 1788 of the embedding
feat_1789,float,,Encoding feat index 1789 of the embedding
feat_1790,float,,Encoding feat index 1790 of the embedding
feat_1791,float,,Encoding feat index 1791 of the embedding
feat_1792,float,,Encoding feat index 1792 of the embedding
feat_1793,float,,Encoding feat index 1793 of the embedding
feat_1794,float,,Encoding feat index 1794 of the embedding
feat_1795,float,,Encoding feat index 1795 of the embedding
feat_1796,float,,Encoding feat index 1796 of the embedding
feat_1797,float,,Encoding feat index 1797 of the embedding
feat_1798,float,,Encoding feat index 1798 of the embedding
feat_1799,float,,Encoding feat index 1799 of the embedding
feat_1800,float,,Encoding feat index 1800 of the embedding
feat_1801,float,,Encoding feat index 1801 of the embedding
feat_1802,float,,Encoding feat index 1802 of the embedding
feat_1803,float,,Encoding feat index 1803 of the embedding
feat_1804,float,,Encoding feat index 1804 of the embedding
feat_1805,float,,Encoding feat index 1805 of the embedding
feat_1806,float,,Encoding feat index 1806 of the embedding
feat_1807,float,,Encoding feat index 1807 of the embedding
feat_1808,float,,Encoding feat index 1808 of the embedding
feat_1809,float,,Encoding feat index 1809 of the embedding
feat_1810,float,,Encoding feat index 1810 of the embedding
feat_1811,float,,Encoding feat index 1811 of the embedding
feat_1812,float,,Encoding feat index 1812 of the embedding
feat_1813,float,,Encoding feat index 1813 of the embedding
feat_1814,float,,Encoding feat index 1814 of the embedding
feat_1815,float,,Encoding feat index 1815 of the embedding
feat_1816,float,,Encoding feat index 1816 of the embedding
feat_1817,float,,Encoding feat index 1817 of the embedding
feat_1818,float,,Encoding feat index 1818 of the embedding
feat_1819,float,,Encoding feat index 1819 of the embedding
feat_1820,float,,Encoding feat index 1820 of the embedding
feat_1821,float,,Encoding feat index 1821 of the embedding
feat_1822,float,,Encoding feat index 1822 of the embedding
feat_1823,float,,Encoding feat index 1823 of the embedding
feat_1824,float,,Encoding feat index 1824 of the embedding
feat_1825,float,,Encoding feat index 1825 of the embedding
feat_1826,float,,Encoding feat index 1826 of the embedding
feat_1827,float,,Encoding feat index 1827 of the embedding
feat_1828,float,,Encoding feat index 1828 of the embedding
feat_1829,float,,Encoding feat index 1829 of the embedding
feat_1830,float,,Encoding feat index 1830 of the embedding
feat_1831,float,,Encoding feat index 1831 of the embedding
feat_1832,float,,Encoding feat index 1832 of the embedding
feat_1833,float,,Encoding feat index 1833 of the embedding
feat_1834,float,,Encoding feat index 1834 of the embedding
feat_1835,float,,Encoding feat index 1835 of the embedding
feat_1836,float,,Encoding feat index 1836 of the embedding
feat_1837,float,,Encoding feat index 1837 of the embedding
feat_1838,float,,Encoding feat index 1838 of the embedding
feat_1839,float,,Encoding feat index 1839 of the embedding
feat_1840,float,,Encoding feat index 1840 of the embedding
feat_1841,float,,Encoding feat index 1841 of the embedding
feat_1842,float,,Encoding feat index 1842 of the embedding
feat_1843,float,,Encoding feat index 1843 of the embedding
feat_1844,float,,Encoding feat index 1844 of the embedding
feat_1845,float,,Encoding feat index 1845 of the embedding
feat_1846,float,,Encoding feat index 1846 of the embedding
feat_1847,float,,Encoding feat index 1847 of the embedding
feat_1848,float,,Encoding feat index 1848 of the embedding
feat_1849,float,,Encoding feat index 1849 of the embedding
feat_1850,float,,Encoding feat index 1850 of the embedding
feat_1851,float,,Encoding feat index 1851 of the embedding
feat_1852,float,,Encoding feat index 1852 of the embedding
feat_1853,float,,Encoding feat index 1853 of the embedding
feat_1854,float,,Encoding feat index 1854 of the embedding
feat_1855,float,,Encoding feat index 1855 of the embedding
feat_1856,float,,Encoding feat index 1856 of the embedding
feat_1857,float,,Encoding feat index 1857 of the embedding
feat_1858,float,,Encoding feat index 1858 of the embedding
feat_1859,float,,Encoding feat index 1859 of the embedding
feat_1860,float,,Encoding feat index 1860 of the embedding
feat_1861,float,,Encoding feat index 1861 of the embedding
feat_1862,float,,Encoding feat index 1862 of the embedding
feat_1863,float,,Encoding feat index 1863 of the embedding
feat_1864,float,,Encoding feat index 1864 of the embedding
feat_1865,float,,Encoding feat index 1865 of the embedding
feat_1866,float,,Encoding feat index 1866 of the embedding
feat_1867,float,,Encoding feat index 1867 of the embedding
feat_1868,float,,Encoding feat index 1868 of the embedding
feat_1869,float,,Encoding feat index 1869 of the embedding
feat_1870,float,,Encoding feat index 1870 of the embedding
feat_1871,float,,Encoding feat index 1871 of the embedding
feat_1872,float,,Encoding feat index 1872 of the embedding
feat_1873,float,,Encoding feat index 1873 of the embedding
feat_1874,float,,Encoding feat index 1874 of the embedding
feat_1875,float,,Encoding feat index 1875 of the embedding
feat_1876,float,,Encoding feat index 1876 of the embedding
feat_1877,float,,Encoding feat index 1877 of the embedding
feat_1878,float,,Encoding feat index 1878 of the embedding
feat_1879,float,,Encoding feat index 1879 of the embedding
feat_1880,float,,Encoding feat index 1880 of the embedding
feat_1881,float,,Encoding feat index 1881 of the embedding
feat_1882,float,,Encoding feat index 1882 of the embedding
feat_1883,float,,Encoding feat index 1883 of the embedding
feat_1884,float,,Encoding feat index 1884 of the embedding
feat_1885,float,,Encoding feat index 1885 of the embedding
feat_1886,float,,Encoding feat index 1886 of the embedding
feat_1887,float,,Encoding feat index 1887 of the embedding
feat_1888,float,,Encoding feat index 1888 of the embedding
feat_1889,float,,Encoding feat index 1889 of the embedding
feat_1890,float,,Encoding feat index 1890 of the embedding
feat_1891,float,,Encoding feat index 1891 of the embedding
feat_1892,float,,Encoding feat index 1892 of the embedding
feat_1893,float,,Encoding feat index 1893 of the embedding
feat_1894,float,,Encoding feat index 1894 of the embedding
feat_1895,float,,Encoding feat index 1895 of the embedding
feat_1896,float,,Encoding feat index 1896 of the embedding
feat_1897,float,,Encoding feat index 1897 of the embedding
feat_1898,float,,Encoding feat index 1898 of the embedding
feat_1899,float,,Encoding feat index 1899 of the embedding
feat_1900,float,,Encoding feat index 1900 of the embedding
feat_1901,float,,Encoding feat index 1901 of the embedding
feat_1902,float,,Encoding feat index 1902 of the embedding
feat_1903,float,,Encoding feat index 1903 of the embedding
feat_1904,float,,Encoding feat index 1904 of the embedding
feat_1905,float,,Encoding feat index 1905 of the embedding
feat_1906,float,,Encoding feat index 1906 of the embedding
feat_1907,float,,Encoding feat index 1907 of the embedding
feat_1908,float,,Encoding feat index 1908 of the embedding
feat_1909,float,,Encoding feat index 1909 of the embedding
feat_1910,float,,Encoding feat index 1910 of the embedding
feat_1911,float,,Encoding feat index 1911 of the embedding
feat_1912,float,,Encoding feat index 1912 of the embedding
feat_1913,float,,Encoding feat index 1913 of the embedding
feat_1914,float,,Encoding feat index 1914 of the embedding
feat_1915,float,,Encoding feat index 1915 of the embedding
feat_1916,float,,Encoding feat index 1916 of the embedding
feat_1917,float,,Encoding feat index 1917 of the embedding
feat_1918,float,,Encoding feat index 1918 of the embedding
feat_1919,float,,Encoding feat index 1919 of the embedding
feat_1920,float,,Encoding feat index 1920 of the embedding
feat_1921,float,,Encoding feat index 1921 of the embedding
feat_1922,float,,Encoding feat index 1922 of the embedding
feat_1923,float,,Encoding feat index 1923 of the embedding
feat_1924,float,,Encoding feat index 1924 of the embedding
feat_1925,float,,Encoding feat index 1925 of the embedding
feat_1926,float,,Encoding feat index 1926 of the embedding
feat_1927,float,,Encoding feat index 1927 of the embedding
feat_1928,float,,Encoding feat index 1928 of the embedding
feat_1929,float,,Encoding feat index 1929 of the embedding
feat_1930,float,,Encoding feat index 1930 of the embedding
feat_1931,float,,Encoding feat index 1931 of the embedding
feat_1932,float,,Encoding feat index 1932 of the embedding
feat_1933,float,,Encoding feat index 1933 of the embedding
feat_1934,float,,Encoding feat index 1934 of the embedding
feat_1935,float,,Encoding feat index 1935 of the embedding
feat_1936,float,,Encoding feat index 1936 of the embedding
feat_1937,float,,Encoding feat index 1937 of the embedding
feat_1938,float,,Encoding feat index 1938 of the embedding
feat_1939,float,,Encoding feat index 1939 of the embedding
feat_1940,float,,Encoding feat index 1940 of the embedding
feat_1941,float,,Encoding feat index 1941 of the embedding
feat_1942,float,,Encoding feat index 1942 of the embedding
feat_1943,float,,Encoding feat index 1943 of the embedding
feat_1944,float,,Encoding feat index 1944 of the embedding
feat_1945,float,,Encoding feat index 1945 of the embedding
feat_1946,float,,Encoding feat index 1946 of the embedding
feat_1947,float,,Encoding feat index 1947 of the embedding
feat_1948,float,,Encoding feat index 1948 of the embedding
feat_1949,float,,Encoding feat index 1949 of the embedding
feat_1950,float,,Encoding feat index 1950 of the embedding
feat_1951,float,,Encoding feat index 1951 of the embedding
feat_1952,float,,Encoding feat index 1952 of the embedding
feat_1953,float,,Encoding feat index 1953 of the embedding
feat_1954,float,,Encoding feat index 1954 of the embedding
feat_1955,float,,Encoding feat index 1955 of the embedding
feat_1956,float,,Encoding feat index 1956 of the embedding
feat_1957,float,,Encoding feat index 1957 of the embedding
feat_1958,float,,Encoding feat index 1958 of the embedding
feat_1959,float,,Encoding feat index 1959 of the embedding
feat_1960,float,,Encoding feat index 1960 of the embedding
feat_1961,float,,Encoding feat index 1961 of the embedding
feat_1962,float,,Encoding feat index 1962 of the embedding
feat_1963,float,,Encoding feat index 1963 of the embedding
feat_1964,float,,Encoding feat index 1964 of the embedding
feat_1965,float,,Encoding feat index 1965 of the embedding
feat_1966,float,,Encoding feat index 1966 of the embedding
feat_1967,float,,Encoding feat index 1967 of the embedding
feat_1968,float,,Encoding feat index 1968 of the embedding
feat_1969,float,,Encoding feat index 1969 of the embedding
feat_1970,float,,Encoding feat index 1970 of the embedding
feat_1971,float,,Encoding feat index 1971 of the embedding
feat_1972,float,,Encoding feat index 1972 of the embedding
feat_1973,float,,Encoding feat index 1973 of the embedding
feat_1974,float,,Encoding feat index 1974 of the embedding
feat_1975,float,,Encoding feat index 1975 of the embedding
feat_1976,float,,Encoding feat index 1976 of the embedding
feat_1977,float,,Encoding feat index 1977 of the embedding
feat_1978,float,,Encoding feat index 1978 of the embedding
feat_1979,float,,Encoding feat index 1979 of the embedding
feat_1980,float,,Encoding feat index 1980 of the embedding
feat_1981,float,,Encoding feat index 1981 of the embedding
feat_1982,float,,Encoding feat index 1982 of the embedding
feat_1983,float,,Encoding feat index 1983 of the embedding
feat_1984,float,,Encoding feat index 1984 of the embedding
feat_1985,float,,Encoding feat index 1985 of the embedding
feat_1986,float,,Encoding feat index 1986 of the embedding
feat_1987,float,,Encoding feat index 1987 of the embedding
feat_1988,float,,Encoding feat index 1988 of the embedding
feat_1989,float,,Encoding feat index 1989 of the embedding
feat_1990,float,,Encoding feat index 1990 of the embedding
feat_1991,float,,Encoding feat index 1991 of the embedding
feat_1992,float,,Encoding feat index 1992 of the embedding
feat_1993,float,,Encoding feat index 1993 of the embedding
feat_1994,float,,Encoding feat index 1994 of the embedding
feat_1995,float,,Encoding feat index 1995 of the embedding
feat_1996,float,,Encoding feat index 1996 of the embedding
feat_1997,float,,Encoding feat index 1997 of the embedding
feat_1998,float,,Encoding feat index 1998 of the embedding
feat_1999,float,,Encoding feat index 1999 of the embedding
feat_2000,float,,Encoding feat index 2000 of the embedding
feat_2001,float,,Encoding feat index 2001 of the embedding
feat_2002,float,,Encoding feat index 2002 of the embedding
feat_2003,float,,Encoding feat index 2003 of the embedding
feat_2004,float,,Encoding feat index 2004 of the embedding
feat_2005,float,,Encoding feat index 2005 of the embedding
feat_2006,float,,Encoding feat index 2006 of the embedding
feat_2007,float,,Encoding feat index 2007 of the embedding
feat_2008,float,,Encoding feat index 2008 of the embedding
feat_2009,float,,Encoding feat index 2009 of the embedding
feat_2010,float,,Encoding feat index 2010 of the embedding
feat_2011,float,,Encoding feat index 2011 of the embedding
feat_2012,float,,Encoding feat index 2012 of the embedding
feat_2013,float,,Encoding feat index 2013 of the embedding
feat_2014,float,,Encoding feat index 2014 of the embedding
feat_2015,float,,Encoding feat index 2015 of the embedding
feat_2016,float,,Encoding feat index 2016 of the embedding
feat_2017,float,,Encoding feat index 2017 of the embedding
feat_2018,float,,Encoding feat index 2018 of the embedding
feat_2019,float,,Encoding feat index 2019 of the embedding
feat_2020,float,,Encoding feat index 2020 of the embedding
feat_2021,float,,Encoding feat index 2021 of the embedding
feat_2022,float,,Encoding feat index 2022 of the embedding
feat_2023,float,,Encoding feat index 2023 of the embedding
feat_2024,float,,Encoding feat index 2024 of the embedding
feat_2025,float,,Encoding feat index 2025 of the embedding
feat_2026,float,,Encoding feat index 2026 of the embedding
feat_2027,float,,Encoding feat index 2027 of the embedding
feat_2028,float,,Encoding feat index 2028 of the embedding
feat_2029,float,,Encoding feat index 2029 of the embedding
feat_2030,float,,Encoding feat index 2030 of the embedding
feat_2031,float,,Encoding feat index 2031 of the embedding
feat_2032,float,,Encoding feat index 2032 of the embedding
feat_2033,float,,Encoding feat index 2033 of the embedding
feat_2034,float,,Encoding feat index 2034 of the embedding
feat_2035,float,,Encoding feat index 2035 of the embedding
feat_2036,float,,Encoding feat index 2036 of the embedding
feat_2037,float,,Encoding feat index 2037 of the embedding
feat_2038,float,,Encoding feat index 2038 of the embedding
feat_2039,float,,Encoding feat index 2039 of the embedding
feat_2040,float,,Encoding feat index 2040 of the embedding
feat_2041,float,,Encoding feat index 2041 of the embedding
feat_2042,float,,Encoding feat index 2042 of the embedding
feat_2043,float,,Encoding feat index 2043 of the embedding
feat_2044,float,,Encoding feat index 2044 of the embedding
feat_2045,float,,Encoding feat index 2045 of the embedding
feat_2046,float,,Encoding feat index 2046 of the embedding
feat_2047,float,,Encoding feat index 2047 of the embedding
feat_2048,float,,Encoding feat index 2048 of the embedding
feat_2049,float,,Encoding feat index 2049 of the embedding
feat_2050,float,,Encoding feat index 2050 of the embedding
feat_2051,float,,Encoding feat index 2051 of the embedding
feat_2052,float,,Encoding feat index 2052 of the embedding
feat_2053,float,,Encoding feat index 2053 of the embedding
feat_2054,float,,Encoding feat index 2054 of the embedding
feat_2055,float,,Encoding feat index 2055 of the embedding
feat_2056,float,,Encoding feat index 2056 of the embedding
feat_2057,float,,Encoding feat index 2057 of the embedding
feat_2058,float,,Encoding feat index 2058 of the embedding
feat_2059,float,,Encoding feat index 2059 of the embedding
feat_2060,float,,Encoding feat index 2060 of the embedding
feat_2061,float,,Encoding feat index 2061 of the embedding
feat_2062,float,,Encoding feat index 2062 of the embedding
feat_2063,float,,Encoding feat index 2063 of the embedding
feat_2064,float,,Encoding feat index 2064 of the embedding
feat_2065,float,,Encoding feat index 2065 of the embedding
feat_2066,float,,Encoding feat index 2066 of the embedding
feat_2067,float,,Encoding feat index 2067 of the embedding
feat_2068,float,,Encoding feat index 2068 of the embedding
feat_2069,float,,Encoding feat index 2069 of the embedding
feat_2070,float,,Encoding feat index 2070 of the embedding
feat_2071,float,,Encoding feat index 2071 of the embedding
feat_2072,float,,Encoding feat index 2072 of the embedding
feat_2073,float,,Encoding feat index 2073 of the embedding
feat_2074,float,,Encoding feat index 2074 of the embedding
feat_2075,float,,Encoding feat index 2075 of the embedding
feat_2076,float,,Encoding feat index 2076 of the embedding
feat_2077,float,,Encoding feat index 2077 of the embedding
feat_2078,float,,Encoding feat index 2078 of the embedding
feat_2079,float,,Encoding feat index 2079 of the embedding
feat_2080,float,,Encoding feat index 2080 of the embedding
feat_2081,float,,Encoding feat index 2081 of the embedding
feat_2082,float,,Encoding feat index 2082 of the embedding
feat_2083,float,,Encoding feat index 2083 of the embedding
feat_2084,float,,Encoding feat index 2084 of the embedding
feat_2085,float,,Encoding feat index 2085 of the embedding
feat_2086,float,,Encoding feat index 2086 of the embedding
feat_2087,float,,Encoding feat index 2087 of the embedding
feat_2088,float,,Encoding feat index 2088 of the embedding
feat_2089,float,,Encoding feat index 2089 of the embedding
feat_2090,float,,Encoding feat index 2090 of the embedding
feat_2091,float,,Encoding feat index 2091 of the embedding
feat_2092,float,,Encoding feat index 2092 of the embedding
feat_2093,float,,Encoding feat index 2093 of the embedding
feat_2094,float,,Encoding feat index 2094 of the embedding
feat_2095,float,,Encoding feat index 2095 of the embedding
feat_2096,float,,Encoding feat index 2096 of the embedding
feat_2097,float,,Encoding feat index 2097 of the embedding
feat_2098,float,,Encoding feat index 2098 of the embedding
feat_2099,float,,Encoding feat index 2099 of the embedding
feat_2100,float,,Encoding feat index 2100 of the embedding
feat_2101,float,,Encoding feat index 2101 of the embedding
feat_2102,float,,Encoding feat index 2102 of the embedding
feat_2103,float,,Encoding feat index 2103 of the embedding
feat_2104,float,,Encoding feat index 2104 of the embedding
feat_2105,float,,Encoding feat index 2105 of the embedding
feat_2106,float,,Encoding feat index 2106 of the embedding
feat_2107,float,,Encoding feat index 2107 of the embedding
feat_2108,float,,Encoding feat index 2108 of the embedding
feat_2109,float,,Encoding feat index 2109 of the embedding
feat_2110,float,,Encoding feat index 2110 of the embedding
feat_2111,float,,Encoding feat index 2111 of the embedding
feat_2112,float,,Encoding feat index 2112 of the embedding
feat_2113,float,,Encoding feat index 2113 of the embedding
feat_2114,float,,Encoding feat index 2114 of the embedding
feat_2115,float,,Encoding feat index 2115 of the embedding
feat_2116,float,,Encoding feat index 2116 of the embedding
feat_2117,float,,Encoding feat index 2117 of the embedding
feat_2118,float,,Encoding feat index 2118 of the embedding
feat_2119,float,,Encoding feat index 2119 of the embedding
feat_2120,float,,Encoding feat index 2120 of the embedding
feat_2121,float,,Encoding feat index 2121 of the embedding
feat_2122,float,,Encoding feat index 2122 of the embedding
feat_2123,float,,Encoding feat index 2123 of the embedding
feat_2124,float,,Encoding feat index 2124 of the embedding
feat_2125,float,,Encoding feat index 2125 of the embedding
feat_2126,float,,Encoding feat index 2126 of the embedding
feat_2127,float,,Encoding feat index 2127 of the embedding
feat_2128,float,,Encoding feat index 2128 of the embedding
feat_2129,float,,Encoding feat index 2129 of the embedding
feat_2130,float,,Encoding feat index 2130 of the embedding
feat_2131,float,,Encoding feat index 2131 of the embedding
feat_2132,float,,Encoding feat index 2132 of the embedding
feat_2133,float,,Encoding feat index 2133 of the embedding
feat_2134,float,,Encoding feat index 2134 of the embedding
feat_2135,float,,Encoding feat index 2135 of the embedding
feat_2136,float,,Encoding feat index 2136 of the embedding
feat_2137,float,,Encoding feat index 2137 of the embedding
feat_2138,float,,Encoding feat index 2138 of the embedding
feat_2139,float,,Encoding feat index 2139 of the embedding
feat_2140,float,,Encoding feat index 2140 of the embedding
feat_2141,float,,Encoding feat index 2141 of the embedding
feat_2142,float,,Encoding feat index 2142 of the embedding
feat_2143,float,,Encoding feat index 2143 of the embedding
feat_2144,float,,Encoding feat index 2144 of the embedding
feat_2145,float,,Encoding feat index 2145 of the embedding
feat_2146,float,,Encoding feat index 2146 of the embedding
feat_2147,float,,Encoding feat index 2147 of the embedding
feat_2148,float,,Encoding feat index 2148 of the embedding
feat_2149,float,,Encoding feat index 2149 of the embedding
feat_2150,float,,Encoding feat index 2150 of the embedding
feat_2151,float,,Encoding feat index 2151 of the embedding
feat_2152,float,,Encoding feat index 2152 of the embedding
feat_2153,float,,Encoding feat index 2153 of the embedding
feat_2154,float,,Encoding feat index 2154 of the embedding
feat_2155,float,,Encoding feat index 2155 of the embedding
feat_2156,float,,Encoding feat index 2156 of the embedding
feat_2157,float,,Encoding feat index 2157 of the embedding
feat_2158,float,,Encoding feat index 2158 of the embedding
feat_2159,float,,Encoding feat index 2159 of the embedding
feat_2160,float,,Encoding feat index 2160 of the embedding
feat_2161,float,,Encoding feat index 2161 of the embedding
feat_2162,float,,Encoding feat index 2162 of the embedding
feat_2163,float,,Encoding feat index 2163 of the embedding
feat_2164,float,,Encoding feat index 2164 of the embedding
feat_2165,float,,Encoding feat index 2165 of the embedding
feat_2166,float,,Encoding feat index 2166 of the embedding
feat_2167,float,,Encoding feat index 2167 of the embedding
feat_2168,float,,Encoding feat index 2168 of the embedding
feat_2169,float,,Encoding feat index 2169 of the embedding
feat_2170,float,,Encoding feat index 2170 of the embedding
feat_2171,float,,Encoding feat index 2171 of the embedding
feat_2172,float,,Encoding feat index 2172 of the embedding
feat_2173,float,,Encoding feat index 2173 of the embedding
feat_2174,float,,Encoding feat index 2174 of the embedding
feat_2175,float,,Encoding feat index 2175 of the embedding
feat_2176,float,,Encoding feat index 2176 of the embedding
feat_2177,float,,Encoding feat index 2177 of the embedding
feat_2178,float,,Encoding feat index 2178 of the embedding
feat_2179,float,,Encoding feat index 2179 of the embedding
feat_2180,float,,Encoding feat index 2180 of the embedding
feat_2181,float,,Encoding feat index 2181 of the embedding
feat_2182,float,,Encoding feat index 2182 of the embedding
feat_2183,float,,Encoding feat index 2183 of the embedding
feat_2184,float,,Encoding feat index 2184 of the embedding
feat_2185,float,,Encoding feat index 2185 of the embedding
feat_2186,float,,Encoding feat index 2186 of the embedding
feat_2187,float,,Encoding feat index 2187 of the embedding
feat_2188,float,,Encoding feat index 2188 of the embedding
feat_2189,float,,Encoding feat index 2189 of the embedding
feat_2190,float,,Encoding feat index 2190 of the embedding
feat_2191,float,,Encoding feat index 2191 of the embedding
feat_2192,float,,Encoding feat index 2192 of the embedding
feat_2193,float,,Encoding feat index 2193 of the embedding
feat_2194,float,,Encoding feat index 2194 of the embedding
feat_2195,float,,Encoding feat index 2195 of the embedding
feat_2196,float,,Encoding feat index 2196 of the embedding
feat_2197,float,,Encoding feat index 2197 of the embedding
feat_2198,float,,Encoding feat index 2198 of the embedding
feat_2199,float,,Encoding feat index 2199 of the embedding
feat_2200,float,,Encoding feat index 2200 of the embedding
feat_2201,float,,Encoding feat index 2201 of the embedding
feat_2202,float,,Encoding feat index 2202 of the embedding
feat_2203,float,,Encoding feat index 2203 of the embedding
feat_2204,float,,Encoding feat index 2204 of the embedding
feat_2205,float,,Encoding feat index 2205 of the embedding
feat_2206,float,,Encoding feat index 2206 of the embedding
feat_2207,float,,Encoding feat index 2207 of the embedding
feat_2208,float,,Encoding feat index 2208 of the embedding
feat_2209,float,,Encoding feat index 2209 of the embedding
feat_2210,float,,Encoding feat index 2210 of the embedding
feat_2211,float,,Encoding feat index 2211 of the embedding
feat_2212,float,,Encoding feat index 2212 of the embedding
feat_2213,float,,Encoding feat index 2213 of the embedding
feat_2214,float,,Encoding feat index 2214 of the embedding
feat_2215,float,,Encoding feat index 2215 of the embedding
feat_2216,float,,Encoding feat index 2216 of the embedding
feat_2217,float,,Encoding feat index 2217 of the embedding
feat_2218,float,,Encoding feat index 2218 of the embedding
feat_2219,float,,Encoding feat index 2219 of the embedding
feat_2220,float,,Encoding feat index 2220 of the embedding
feat_2221,float,,Encoding feat index 2221 of the embedding
feat_2222,float,,Encoding feat index 2222 of the embedding
feat_2223,float,,Encoding feat index 2223 of the embedding
feat_2224,float,,Encoding feat index 2224 of the embedding
feat_2225,float,,Encoding feat index 2225 of the embedding
feat_2226,float,,Encoding feat index 2226 of the embedding
feat_2227,float,,Encoding feat index 2227 of the embedding
feat_2228,float,,Encoding feat index 2228 of the embedding
feat_2229,float,,Encoding feat index 2229 of the embedding
feat_2230,float,,Encoding feat index 2230 of the embedding
feat_2231,float,,Encoding feat index 2231 of the embedding
feat_2232,float,,Encoding feat index 2232 of the embedding
feat_2233,float,,Encoding feat index 2233 of the embedding
feat_2234,float,,Encoding feat index 2234 of the embedding
feat_2235,float,,Encoding feat index 2235 of the embedding
feat_2236,float,,Encoding feat index 2236 of the embedding
feat_2237,float,,Encoding feat index 2237 of the embedding
feat_2238,float,,Encoding feat index 2238 of the embedding
feat_2239,float,,Encoding feat index 2239 of the embedding
feat_2240,float,,Encoding feat index 2240 of the embedding
feat_2241,float,,Encoding feat index 2241 of the embedding
feat_2242,float,,Encoding feat index 2242 of the embedding
feat_2243,float,,Encoding feat index 2243 of the embedding
feat_2244,float,,Encoding feat index 2244 of the embedding
feat_2245,float,,Encoding feat index 2245 of the embedding
feat_2246,float,,Encoding feat index 2246 of the embedding
feat_2247,float,,Encoding feat index 2247 of the embedding
feat_2248,float,,Encoding feat index 2248 of the embedding
feat_2249,float,,Encoding feat index 2249 of the embedding
feat_2250,float,,Encoding feat index 2250 of the embedding
feat_2251,float,,Encoding feat index 2251 of the embedding
feat_2252,float,,Encoding feat index 2252 of the embedding
feat_2253,float,,Encoding feat index 2253 of the embedding
feat_2254,float,,Encoding feat index 2254 of the embedding
feat_2255,float,,Encoding feat index 2255 of the embedding
feat_2256,float,,Encoding feat index 2256 of the embedding
feat_2257,float,,Encoding feat index 2257 of the embedding
feat_2258,float,,Encoding feat index 2258 of the embedding
feat_2259,float,,Encoding feat index 2259 of the embedding
feat_2260,float,,Encoding feat index 2260 of the embedding
feat_2261,float,,Encoding feat index 2261 of the embedding
feat_2262,float,,Encoding feat index 2262 of the embedding
feat_2263,float,,Encoding feat index 2263 of the embedding
feat_2264,float,,Encoding feat index 2264 of the embedding
feat_2265,float,,Encoding feat index 2265 of the embedding
feat_2266,float,,Encoding feat index 2266 of the embedding
feat_2267,float,,Encoding feat index 2267 of the embedding
feat_2268,float,,Encoding feat index 2268 of the embedding
feat_2269,float,,Encoding feat index 2269 of the embedding
feat_2270,float,,Encoding feat index 2270 of the embedding
feat_2271,float,,Encoding feat index 2271 of the embedding
feat_2272,float,,Encoding feat index 2272 of the embedding
feat_2273,float,,Encoding feat index 2273 of the embedding
feat_2274,float,,Encoding feat index 2274 of the embedding
feat_2275,float,,Encoding feat index 2275 of the embedding
feat_2276,float,,Encoding feat index 2276 of the embedding
feat_2277,float,,Encoding feat index 2277 of the embedding
feat_2278,float,,Encoding feat index 2278 of the embedding
feat_2279,float,,Encoding feat index 2279 of the embedding
feat_2280,float,,Encoding feat index 2280 of the embedding
feat_2281,float,,Encoding feat index 2281 of the embedding
feat_2282,float,,Encoding feat index 2282 of the embedding
feat_2283,float,,Encoding feat index 2283 of the embedding
feat_2284,float,,Encoding feat index 2284 of the embedding
feat_2285,float,,Encoding feat index 2285 of the embedding
feat_2286,float,,Encoding feat index 2286 of the embedding
feat_2287,float,,Encoding feat index 2287 of the embedding
feat_2288,float,,Encoding feat index 2288 of the embedding
feat_2289,float,,Encoding feat index 2289 of the embedding
feat_2290,float,,Encoding feat index 2290 of the embedding
feat_2291,float,,Encoding feat index 2291 of the embedding
feat_2292,float,,Encoding feat index 2292 of the embedding
feat_2293,float,,Encoding feat index 2293 of the embedding
feat_2294,float,,Encoding feat index 2294 of the embedding
feat_2295,float,,Encoding feat index 2295 of the embedding
feat_2296,float,,Encoding feat index 2296 of the embedding
feat_2297,float,,Encoding feat index 2297 of the embedding
feat_2298,float,,Encoding feat index 2298 of the embedding
feat_2299,float,,Encoding feat index 2299 of the embedding
feat_2300,float,,Encoding feat index 2300 of the embedding
feat_2301,float,,Encoding feat index 2301 of the embedding
feat_2302,float,,Encoding feat index 2302 of the embedding
feat_2303,float,,Encoding feat index 2303 of the embedding
